date,open,high,low,close,volume
2017-03-02,24,26.05,23.5,24.48,217109797
2017-03-03,26.39,29.44,26.06,27.09,148227391
2017-03-06,28.17,28.25,23.77,23.77,72938852
2017-03-07,22.21,22.5,20.64,21.44,71899648
2017-03-08,22.03,23.43,21.31,22.81,49834422
2017-03-09,23.15,23.68,22.51,22.71,25803170
2017-03-10,23.36,23.4,22,22.07,18337600
2017-03-13,22.05,22.15,20.96,21.09,20605859
2017-03-14,20.9,20.98,20.15,20.58,20033170
2017-03-15,20.08,21.4,20.05,20.77,24985920
2017-03-16,20.65,20.69,19.75,19.89,25630160
2017-03-17,19.8,19.85,18.9,19.54,34251969
2017-03-20,19.94,20.43,19.72,19.93,21016039
2017-03-21,20.04,20.54,19.55,20.38,20080141
2017-03-22,20.65,22.25,20.52,21.82,47599301
2017-03-23,22.69,23.3,22.22,23.13,40645422
2017-03-24,23.05,23.1,22.3398,22.74,17256980
2017-03-27,23.09,24.4,22.5999,23.83,48398207
2017-03-28,23.31,23.36,22.17,22.21,49889871
2017-03-29,21.77,22.71,21.33,22.55,31475590
2017-03-30,22.55,22.85,22,22.23,17094311
2017-03-31,22.05,22.62,22,22.53,15087070
2017-04-03,22.7,22.9,22.11,22.35,12521290
2017-04-04,22.21,22.67,21.88,22.14,16313510
2017-04-05,22.15,22.22,20.67,20.7,26099311
2017-04-06,20.76,20.76,20.03,20.57,21933900
2017-04-07,20.68,21.08,20.6,20.82,10580930
2017-04-10,21.09,21.27,20.7,20.97,8629845
2017-04-11,21.01,21.2,20.34,20.7,13310730
2017-04-12,20.7,20.83,20.18,20.22,9362568
2017-04-13,20.2,20.37,19.81,20.19,13600360
2017-04-17,20.09,20.21,19.8,19.94,11714670
2017-04-18,19.83,20.89,19.73,20.55,15974660
2017-04-19,20.5,20.91,20.41,20.62,8737757
2017-04-20,20.63,21.26,20.62,21.15,10025580
2017-04-21,21.37,21.49,20.71,20.93,7742074
2017-04-24,21.2,21.3,21.01,21.2,5928215
2017-04-25,21.08,21.4,20.56,21.34,9588043
2017-04-26,21.25,21.65,21.08,21.58,10141340
2017-04-27,21.58,22.12,21.58,22.01,10764390
2017-04-28,22.05,22.59,22.01,22.55,9031607
2017-05-01,22.66,22.84,22.11,22.21,7959265
2017-05-02,22.37,22.37,21.75,21.99,8135878
2017-05-03,21.8,22.21,21.6328,21.82,7074347
2017-05-04,22.18,23.22,21.9,22.59,19005420
2017-05-05,23.08,23.25,22.51,23.19,12833900
2017-05-08,23.17,23.57,22.2253,22.46,18088029
2017-05-09,22.7,23.44,22.675,23.32,17934980
2017-05-10,23.11,23.32,22.87,22.98,47513219
2017-05-11,17.96,18.9,17.59,18.05,131859500
2017-05-12,18.44,19.48,18.16,19.14,68971023
2017-05-15,19.57,20.95,19.49,20.74,69830016
2017-05-16,20.54,20.88,20.15,20.78,41017367
2017-05-17,20.56,20.59,19.69,19.9,29254480
2017-05-18,19.86,20.58,19.86,20.27,16005040
2017-05-19,20.42,20.64,19.93,20,18960740
2017-05-22,20.14,20.34,20.01,20.08,9151936
2017-05-23,20.14,20.3,19.9,20.03,8239193
2017-05-24,20.2,20.62,20,20.53,13810430
2017-05-25,20.16,21.94,20.11,21.93,24325949
2017-05-26,21.66,21.7,21.07,21.22,13374040
2017-05-30,21.3,21.58,21.01,21.45,9509369
2017-05-31,21.5,21.75,21.0942,21.21,9507158
2017-06-01,21.32,21.45,21.19,21.34,7146544
2017-06-02,21.34,21.45,21,21.09,9595392
2017-06-05,20.52,20.89,20.14,20.21,15225110
2017-06-06,20.22,20.44,20.13,20.36,6666421
2017-06-07,20.37,20.489,19.45,19.56,16976980
2017-06-08,19.4,19.4,18.18,18.85,32644869
2017-06-09,18.41,18.46,17.88,18.08,31118881
2017-06-12,18.05,18.43,17.56,18.2,16172930
2017-06-13,18.38,18.58,18.08,18.1,11899210
2017-06-14,18.25,18.29,17.76,17.88,9455240
2017-06-15,17.72,17.75,17,17,22971180
2017-06-16,17.14,17.88,17,17.54,18955721
2017-06-19,17.85,18.34,17.03,17.88,28862730
2017-06-20,17.82,17.89,17.23,17.31,13960970
2017-06-21,17.27,17.43,17.13,17.27,8711473
2017-06-22,17.45,17.8,17.21,17.64,9873476
2017-06-23,17.82,17.82,17.47,17.54,7083637
2017-06-26,17.7,17.73,17.23,17.29,9873280
2017-06-27,17.21,17.48,17.2,17.34,7718562
2017-06-28,17.34,17.78,17.33,17.76,10456960
2017-06-29,17.69,18.13,17.67,17.89,12193940
2017-06-30,18.03,18.0799,17.62,17.77,5993751
2017-07-03,17.91,17.92,17.45,17.59,3285663
2017-07-05,17.57,17.59,17.22,17.32,6042612
2017-07-06,17.25,17.38,17.235,17.31,6191798
2017-07-07,17.33,17.38,17.15,17.18,4546654
2017-07-10,17.16,17.21,16.95,16.99,8566640
2017-07-11,16.33,16.36,15.44,15.47,41936328
2017-07-12,15.54,15.75,15.21,15.24,19528369
2017-07-13,15.78,15.97,15.56,15.69,21598350
2017-07-14,15.44,15.59,15.265,15.27,14645610
2017-07-17,15.3,15.43,15.12,15.13,13289640
2017-07-18,15.17,15.25,14.63,14.73,19933980
2017-07-19,14.86,15.24,14.8,14.97,14394580
2017-07-20,15.05,15.14,14.72,14.89,11870200
2017-07-21,14.8,14.84,14.34,14.48,14252720
2017-07-24,14.45,14.48,14.02,14.08,14763830
2017-07-25,14.06,14.11,13.65,13.89,15148890
2017-07-26,13.74,13.82,13.4,13.4,21614400
2017-07-27,13.15,14.1,13.14,14,27167859
2017-07-28,13.9,14.03,13.5,13.81,16735539
2017-07-31,13.42,13.98,13.1,13.67,48964559
2017-08-01,13.77,13.7746,13.07,13.1,27629920
2017-08-02,13.22,13.25,12.52,12.65,25294740
2017-08-03,12.65,13.15,11.905,12.93,61533512
2017-08-04,13.17,13.7,12.83,13.52,53080711
2017-08-07,13.86,14.06,13.24,13.39,34037660
2017-08-08,13.28,13.29,12.82,13.02,30037641
2017-08-09,12.96,13.65,12.78,13.56,26831891
2017-08-10,13.58,13.9623,13.26,13.77,57716500
2017-08-11,12,12.34,11.77,11.83,83853250
2017-08-14,11.49,13.14,11.28,12.6,84794875
2017-08-15,13.05,13.3,12.66,12.74,43528312
2017-08-16,12.5,13.25,12.48,13.12,33264922
2017-08-17,12.95,13.5,12.95,13.35,36194312
2017-08-18,13.3,14.25,13.26,14.01,46204711
2017-08-21,14.27,14.59,13.35,13.58,44263527
2017-08-22,13.85,14.56,13.81,14.53,38183031
2017-08-23,14.55,15.13,14.38,15.09,65743141
2017-08-24,15.24,15.34,14.43,14.53,30674561
2017-08-25,14.62,14.85,14.45,14.78,23066770
2017-08-28,14.8,15.26,14.77,15.19,28018990
2017-08-29,15.05,15.31,14.88,14.99,20725590
2017-08-30,14.92,15.11,14.76,14.96,22479230
2017-08-31,14.98,15.05,14.51,14.51,23084721
2017-09-01,14.5,14.5,14.01,14.27,26055750
2017-09-05,14.28,14.57,14.08,14.49,21338891
2017-09-06,14.42,14.54,14.17,14.5,23117199
2017-09-07,14.43,15.58,14.4,15.15,45555406
2017-09-08,15.17,15.8,15.1,15.34,36588461
2017-09-11,15.25,15.57,14.8894,15.27,32998891
2017-09-12,15.25,15.75,15.01,15.13,48940500
2017-09-13,15.2,15.33,14.855,15.03,24125670
2017-09-14,14.95,15.18,14.82,14.91,16333750
2017-09-15,14.99,15.31,14.93,15.25,34145887
2017-09-18,15.32,15.33,14.81,14.92,20935100
2017-09-19,14.9,14.9,14.46,14.72,23447131
2017-09-20,14.68,14.7,14.05,14.16,24856600
2017-09-21,13.99,14.11,13.51,13.77,25231689
2017-09-22,13.72,13.92,13.62,13.7,12309750
2017-09-25,13.5,13.51,13.07,13.22,18483910
2017-09-26,13.33,13.98,13.3,13.91,20062270
2017-09-27,14,14.25,13.825,14.12,16667609
2017-09-28,14.2,14.59,13.97,14.45,17561109
2017-09-29,14.43,14.7,14.3,14.54,20577670
2017-10-02,14.6,15.04,14.405,14.88,21212150
2017-10-03,14.87,15.1,14.59,14.64,16753840
2017-10-04,14.84,14.9,14.35,14.53,15687480
2017-10-05,14.3,14.56,14.1,14.48,13162740
2017-10-06,14.38,14.84,14.32,14.79,11941140
2017-10-09,14.81,14.92,14.67,14.71,9183338
2017-10-10,14.71,14.87,14.32,14.34,13775070
2017-10-11,14.64,15.98,14.465,15.98,40908090
2017-10-12,16.07,16.86,15.82,16.55,63193078
2017-10-13,16.48,16.88,16.22,16.5,24513430
2017-10-16,16.68,16.73,15.91,16.07,20894930
2017-10-17,16.29,16.61,16.05,16.09,15090970
2017-10-18,16.3,16.349,15.69,15.75,18329971
2017-10-19,15.47,15.59,15.18,15.25,19244600
2017-10-20,15.39,15.57,15.21,15.56,12876980
2017-10-23,15.58,15.69,14.89,14.97,19585381
2017-10-24,14.87,15.08,14.58,14.59,15448260
2017-10-25,14.7,14.93,13.96,14.16,22943881
2017-10-26,14.35,14.76,14.11,14.39,17071221
2017-10-27,14.27,15.48,14.22,15.44,23767580
2017-10-30,15.13,16.27,15.05,15.68,23657801
2017-10-31,15.65,15.73,15.17,15.34,13008920
2017-11-01,15.45,15.52,14.39,14.51,20443840
2017-11-02,14.45,14.87,14.4,14.55,11810550
2017-11-03,14.64,15.28,14.6,15.27,12784360
2017-11-06,15.19,15.29,14.8,14.83,17736891
2017-11-07,14.87,15.53,14.73,15.12,40978246
2017-11-08,13.47,14.09,12.1,12.91,162744703
2017-11-09,12.64,12.74,12.23,12.38,51695840
2017-11-10,12.5,12.84,12.31,12.76,32141039
2017-11-13,12.83,12.95,12.35,12.4,19251270
2017-11-14,12.41,12.7,12.25,12.57,13962600
2017-11-15,12.32,12.75,12.17,12.46,14410380
2017-11-16,12.5,12.68,12.38,12.56,15701690
2017-11-17,12.6,13.01,12.51,12.99,17563770
2017-11-20,13.1,13.11,12.29,12.41,30676070
2017-11-21,12.52,12.59,12.32,12.34,19010320
2017-11-22,12.35,12.64,12.35,12.62,14022080
2017-11-24,12.67,13.02,12.67,12.97,12772780
2017-11-27,12.87,13.38,12.86,13.06,19341811
2017-11-28,13.37,13.74,13.02,13.61,23774061
2017-11-29,13.54,13.99,13.2507,13.7,30098480
2017-11-30,13.41,14,13.36,13.78,26854990
2017-12-01,13.67,13.9,13.41,13.87,19266930
2017-12-04,13.95,14,13.085,13.57,28799240
2017-12-05,14.4,15.1,14.02,14.94,51515770
2017-12-06,14.58,15.05,14.36,14.6,25883090
2017-12-07,14.65,14.77,14.28,14.7,16367100
2017-12-08,14.64,15.14,14.59,15.07,20226090
2017-12-11,15.14,16.305,15.07,16.22,34900129
2017-12-12,16,16.12,15.53,15.93,22254330
2017-12-13,15.8,16.18,15.79,15.96,14183710
2017-12-14,15.92,16.45,15.76,16.04,24942471
2017-12-15,16,16.04,15.63,15.75,19450439
2017-12-18,15.95,16.37,15.9339,16.1,20227811
2017-12-19,15.91,16.04,15.65,15.77,12419190
2017-12-20,15.69,15.89,15.47,15.5,10167280
2017-12-21,15.33,15.68,15.2,15.37,12107130
2017-12-22,15.05,15.38,14.92,15.15,12087060
2017-12-26,15.02,15.1301,14.84,15.01,6755329
2017-12-27,14.83,15.05,14.83,14.84,6726173
2017-12-28,14.82,15.0647,14.77,14.85,8072901
2017-12-29,14.84,14.89,14.55,14.61,9518403
2018-01-02,14.69,15.01,14.61,14.95,9970989
2018-01-03,15,15.38,14.72,15.31,15921430
2018-01-04,14.76,15,14.274,14.59,27232000
2018-01-05,14.51,14.75,14.38,14.5,18828051
2018-01-08,14.21,14.28,13.58,14.06,27033590
2018-01-09,14.15,14.28,14.01,14.1,14929120
2018-01-10,14.07,14.67,13.921,14.65,14725780
2018-01-11,14.58,14.93,14.48,14.6,12497490
2018-01-12,14.17,14.32,13.92,14.11,21011260
2018-01-16,14.11,14.11,13.4,13.5,26654391
2018-01-17,13.61,13.82,13.35,13.52,14576960
2018-01-18,13.66,14.02,13.62,14.01,16316870
2018-01-19,14.01,14.24,13.82,14.04,16123860
2018-01-22,13.92,14.2,13.67,14.17,12479740
2018-01-23,14.19,14.67,14.13,14.25,13418840
2018-01-24,14.31,14.77,14.28,14.44,11979570
2018-01-25,14.28,14.3,13.7,13.71,23551650
2018-01-26,13.75,13.79,13.43,13.56,17366170
2018-01-29,13.54,13.67,13.3707,13.47,13584220
2018-01-30,13.3,13.4,13.15,13.26,12413610
2018-01-31,13.31,13.62,13.26,13.52,13587040
2018-02-01,13.43,13.9999,13.4,13.92,13306050
2018-02-02,13.59,13.89,13.51,13.71,18123311
2018-02-05,13.35,14.03,13.32,13.85,20637730
2018-02-06,13.5,14.2,13.47,14.06,45110180
2018-02-07,17.15,21.22,16.96,20.75,232325109
2018-02-08,20.74,20.9,18.69,19.39,119751695
2018-02-09,19.07,19.648,18.12,18.8,50072809
2018-02-12,18.84,19.38,18.52,18.63,30537260
2018-02-13,18.39,19.11,18.325,18.58,28873289
2018-02-14,18.35,19.85,18.21,19.56,38743352
2018-02-15,19.66,20.57,19.58,19.75,40746047
2018-02-16,19.84,20.75,19.75,20.42,33917699
2018-02-20,19.31,19.8,18.57,18.93,42723121
2018-02-21,18.9,19.19,18.38,18.64,31691311
2018-02-22,18.48,18.53,17.05,17.51,51776398
2018-02-23,17.6,17.94,17.33,17.45,24231410
2018-02-26,17.45,17.59,17,17.09,26423221
2018-02-27,17.06,17.45,16.31,16.32,30022430
2018-02-28,16.77,17.65,16.7,17.32,34520648
2018-03-01,17.5,17.63,16.655,17.21,25979090
2018-03-02,16.83,18.08,16.73,18.01,31631381
2018-03-05,17.82,18.42,17.58,18.25,22898461
2018-03-06,18.29,18.4,17.94,18.01,18427301
2018-03-07,17.85,18.51,17.81,18.02,27119090
2018-03-08,18.08,18.26,17.53,17.65,19249529
2018-03-09,17.98,18.12,17.56,17.88,18175961
2018-03-12,17.83,18.35,17.78,18.11,17055840
2018-03-13,18.1,18.23,17.22,17.51,17667510
2018-03-14,17.52,17.97,17.49,17.85,14665440
2018-03-15,17.86,17.88,16.91,17.2,22147240
2018-03-16,17.2,17.238,16.79,17.01,22292230
2018-03-19,17.01,17.1,16.11,16.42,24708721
2018-03-20,16.4,16.48,15.62,16,27101529
2018-03-21,16.17,16.865,16.12,16.57,22924150
2018-03-22,16.32,16.85,16.14,16.57,20098590
2018-03-23,16.67,16.74,16.13,16.36,16427971
2018-03-26,16.45,16.55,15.9,16.25,13650260
2018-03-27,16.26,16.75,16.06,16.2,24737590
2018-03-28,16.03,16.08,15.55,15.95,20652699
2018-03-29,15.94,16.12,15.65,15.87,15434490
2018-04-02,15.67,15.73,14.45,14.46,30892551
2018-04-03,14.8,14.9,13.8,14.08,33231750
2018-04-04,13.69,14.78,13.62,14.59,20131770
2018-04-05,14.7,14.96,14.195,14.39,17015410
2018-04-06,14.35,14.57,13.98,14.25,13533880
2018-04-09,14.28,14.47,14.04,14.15,12383900
2018-04-10,14.29,14.58,14.18,14.48,16351820
2018-04-11,14.44,14.98,14.42,14.8,17711170
2018-04-12,15.24,15.5,14.77,14.92,21276189
2018-04-13,14.95,15.12,14.36,14.88,18063600
2018-04-16,14.86,14.89,14.46,14.58,11767630
2018-04-17,14.63,14.98,14.57,14.88,14023180
2018-04-18,14.85,14.88,14.54,14.65,9877781
2018-04-19,14.65,15.04,14.58,14.84,12387270
2018-04-20,15,15.42,14.94,15.2,20481340
2018-04-23,15.35,15.6,15.2,15.54,19132850
2018-04-24,15.51,15.9571,15.4,15.63,19801820
2018-04-25,15.62,15.67,14.16,14.54,46884359
2018-04-26,14.88,15.14,14.48,14.7,22736750
2018-04-27,14.75,14.82,14.16,14.23,21763109
2018-04-30,14.36,14.44,14.09,14.33,21573811
2018-05-01,14.34,14.55,13.75,14.13,50003887
2018-05-02,11.3,11.7,10.96,11.03,159209406
2018-05-03,11.115,11.3,10.51,10.97,67506977
2018-05-04,10.86,10.93,10.57,10.79,39865008
2018-05-07,10.76,10.9,10.61,10.74,24743820
2018-05-08,10.95,11.43,10.75,10.97,35536441
2018-05-09,10.98,11.18,10.91,11.01,19856551
2018-05-10,11.01,11.18,10.93,11.01,19069070
2018-05-11,11,11.05,10.85,11.04,16929900
2018-05-14,11,11.05,10.85,10.98,19105830
2018-05-15,10.95,10.96,10.51,10.65,29277859
2018-05-16,10.6,10.75,10.55,10.58,19836029
2018-05-17,10.65,10.87,10.5,10.57,26982869
2018-05-18,10.56,10.86,10.52,10.58,18448400
2018-05-21,10.75,11.02,10.71,10.71,20462260
2018-05-22,10.79,10.83,10.7,10.74,13562160
2018-05-23,10.68,10.73,10.56,10.65,17088980
2018-05-24,10.63,10.68,10.51,10.6,13841010
2018-05-25,10.66,10.72,10.61,10.71,10501710
2018-05-29,10.68,10.7,10.52,10.55,11533800
2018-05-30,10.57,11.145,10.55,10.97,28700070
2018-05-31,11.17,11.79,11.11,11.39,62892090
2018-06-01,11.71,11.96,11.21,11.63,46870871
2018-06-04,11.81,12.4,11.7,12.32,50689633
2018-06-05,12.41,12.98,12.3,12.93,47018980
2018-06-06,13.33,13.65,12.9,13.13,49268992
2018-06-07,13.03,13.05,12.37,12.73,38066379
2018-06-08,12.56,13.35,12.42,13.08,34598340
2018-06-11,13.11,13.24,12.92,13.17,19680221
2018-06-12,13.21,13.95,13.14,13.42,38903680
2018-06-13,13.56,14.055,13.53,13.62,34414406
2018-06-14,13.71,13.99,13.63,13.87,30680680
2018-06-15,13.72,14.17,13.72,14.02,27423170
2018-06-18,14.04,14.47,13.68,14.05,34045602
2018-06-19,13.61,13.61,12.66,13.31,59696121
2018-06-20,12.85,13.09,12.69,12.8,32770629
2018-06-21,12.75,13.42,12.71,13.24,25279369
2018-06-22,13.25,13.3,12.94,13.2,13579460
2018-06-25,13.01,13.2,12.9,13.1,12363070
2018-06-26,13.11,13.22,12.93,13,12985410
2018-06-27,13.04,13.54,12.81,12.82,21567080
2018-06-28,12.8,13.41,12.8,13.4,18033131
2018-06-29,13.41,13.57,13.09,13.09,13972260
2018-07-02,13.05,13.23,13,13.15,10283800
2018-07-03,13.15,13.23,12.915,13.15,8219502
2018-07-05,13.13,13.215,12.85,13.21,14734690
2018-07-06,13.17,13.67,13.105,13.53,14929710
2018-07-09,13.66,14.135,13.24,13.65,28755391
2018-07-10,13.73,13.76,13.25,13.31,14821160
2018-07-11,13.1,13.42,13.05,13.4,10444620
2018-07-12,13.43,13.66,13.41,13.65,11783960
2018-07-13,13.6,13.69,13.3,13.36,12217940
2018-07-16,13.25,13.48,12.9,13.07,18175859
2018-07-17,12.95,13.54,12.91,13.42,16781311
2018-07-18,13.4,13.5,13.17,13.35,10726540
2018-07-19,13.3,13.61,13.29,13.43,13457760
2018-07-20,13.45,13.46,13.21,13.27,8765506
2018-07-23,13.2,13.41,13.11,13.39,8894480
2018-07-24,13.45,13.45,12.96,13.14,15870260
2018-07-25,13.32,13.44,13.16,13.39,16573311
2018-07-26,13.07,13.4,12.77,13.37,20037340
2018-07-27,13.14,13.18,12.52,12.83,28307109
2018-07-30,12.74,12.75,12,12.27,27156920
2018-07-31,12.26,12.575,12.15,12.5,14874480
2018-08-01,12.55,12.6085,12.205,12.38,11227970
2018-08-02,12.31,12.75,12.18,12.7,11731870
2018-08-03,12.71,13.01,12.66,12.73,11512900
2018-08-06,12.73,13.13,12.71,13.05,17656631
2018-08-07,13.01,13.37,12.78,13.12,50201992
2018-08-08,12.83,12.84,12.04,12.23,61183641
2018-08-09,12.15,12.67,12.07,12.31,24307311
2018-08-10,12.14,12.5,12.09,12.31,15886300
2018-08-13,12.24,12.765,12.24,12.57,15733720
2018-08-14,12.65,12.73,12.31,12.34,13042660
2018-08-15,12.27,12.3,12.11,12.18,13643580
2018-08-16,12.3,12.58,12.1,12.17,14652910
2018-08-17,12.16,12.17,11.63,11.89,22444561
2018-08-20,11.8,11.86,11.57,11.73,13977800
2018-08-21,11.75,11.8274,11.335,11.44,22078051
2018-08-22,11.41,11.62,11.41,11.44,12082680
2018-08-23,11.5,11.64,11.395,11.4,11070330
2018-08-24,11.47,11.7,11.41,11.63,10543220
2018-08-27,11.65,11.835,11.64,11.81,11306430
2018-08-28,11.76,11.8,11.19,11.29,24457260
2018-08-29,11.24,11.38,11.15,11.17,13067780
2018-08-30,11.15,11.2501,10.875,11.08,19603270
2018-08-31,10.98,11.09,10.88,10.9,14124120
2018-09-04,10.92,10.96,10.43,10.59,26081340
2018-09-05,10.5,10.51,10.06,10.11,24701510
2018-09-06,10.11,10.18,9.62,9.8,33118898
2018-09-07,9.75,10.19,9.63,9.93,26510859
2018-09-10,9.78,9.9,9.55,9.74,29031900
2018-09-11,9.85,10.15,9.85,9.89,31651750
2018-09-12,9.29,9.43,8.9,9.2,52102680
2018-09-13,9.17,9.42,9.1,9.35,24790721
2018-09-14,9.45,9.835,9.26,9.29,30549920
2018-09-17,9.28,9.37,9.09,9.18,22146400
2018-09-18,9.15,9.38,9.08,9.13,18051949
2018-09-19,9.08,9.21,9.02,9.16,33333102
2018-09-20,9.03,9.24,8.67,9.21,26550369
2018-09-21,9.18,9.31,9.01,9.14,51966566
2018-09-24,9.05,9.41,8.86,8.95,34747391
2018-09-25,9.19,9.42,9.03,9.05,37268898
2018-09-26,9.09,9.11,8.875,8.99,21160830
2018-09-27,9.02,9.06,8.77,8.8,18060359
2018-09-28,8.75,8.78,8.4,8.48,31800420
2018-10-01,8.5,8.57,8.225,8.36,23025449
2018-10-02,8.32,8.36,8.01,8.18,25429320
2018-10-03,8.17,8.33,8.13,8.23,14961140
2018-10-04,7.95,7.985,7.56,7.8,36960000
2018-10-05,7.99,8.04,7.6,7.77,31032320
2018-10-08,7.7,7.7,7.265,7.48,27870369
2018-10-09,7.24,7.4,6.835,7,41259273
2018-10-10,7,7.02,6.59,6.59,38929910
2018-10-11,6.49,7,6.46,6.81,31180391
2018-10-12,7.18,7.39,7.05,7.18,36249488
2018-10-15,7.19,7.46,7.12,7.4,22050850
2018-10-16,7.41,7.465,7.05,7.25,28702711
2018-10-17,7.19,7.32,6.9301,7.06,20946010
2018-10-18,6.96,7.02,6.76,6.81,16946010
2018-10-19,6.89,6.97,6.67,6.81,19113721
2018-10-22,6.85,6.98,6.72,6.84,12651400
2018-10-23,6.84,6.93,6.68,6.82,24667350
2018-10-24,6.84,6.99,6.59,6.59,22133551
2018-10-25,6.71,7.085,6.69,6.99,44154391
2018-10-26,6.13,6.28,5.77,6.28,79790781
2018-10-29,6.35,6.59,5.89,5.99,32096510
2018-10-30,5.93,6.5386,5.91,6.43,35878699
2018-10-31,6.57,6.65,6.45,6.61,27680869
2018-11-01,6.6,7.29,6.46,7.2,31642830
2018-11-02,7.1,7.18,6.66,6.82,26902721
2018-11-05,6.9,6.94,6.7,6.9,14674820
2018-11-06,6.86,7.2,6.8501,7.09,15681570
2018-11-07,7.09,7.29,7.08,7.2,14356550
2018-11-08,7.15,7.225,6.99,7.02,10764700
2018-11-09,6.9,6.96,6.66,6.79,14369880
2018-11-12,6.75,6.87,6.4669,6.65,15064840
2018-11-13,6.73,6.755,6.45,6.71,10896320
2018-11-14,6.45,6.69,6.39,6.48,15690540
2018-11-15,6.42,6.87,6.42,6.82,12643510
2018-11-16,6.77,6.8,6.28,6.49,19479350
2018-11-19,6.41,6.44,6.02,6.05,20800641
2018-11-20,5.86,6.2261,5.8,6.09,18838881
2018-11-21,6.21,6.48,6.17,6.35,15437390
2018-11-23,6.28,6.4299,6.1745,6.2,5271157
2018-11-26,6.27,6.52,6.24,6.5,10384510
2018-11-27,6.47,6.53,6.31,6.4,12720070
2018-11-28,6.49,6.54,6.27,6.51,10049290
2018-11-29,6.47,6.54,6.33,6.4,9346680
2018-11-30,6.4,6.54,6.31,6.51,10397850
2018-12-03,6.61,6.67,6.28,6.36,22938721
2018-12-04,6.3,6.45,6.21,6.21,16869270
2018-12-06,6.07,6.16,5.805,5.97,16932330
2018-12-07,5.98,6.13,5.75,5.8,15265190
2018-12-10,5.77,5.9093,5.57,5.67,16389570
2018-12-11,5.76,5.9,5.73,5.75,12305940
2018-12-12,5.8,6.13,5.78,5.91,14847770
2018-12-13,5.96,5.99,5.71,5.86,13728070
2018-12-14,5.78,6.01,5.76,5.92,13901040
2018-12-17,5.92,5.9567,5.51,5.58,20843100
2018-12-18,5.61,5.84,5.61,5.65,13822960
2018-12-19,5.65,5.74,5.35,5.41,12965350
2018-12-20,5.35,5.45,4.96,5.07,25179250
2018-12-21,5.12,5.14,4.82,4.99,31629881
2018-12-24,4.96,5.35,4.96,5.18,15131330
2018-12-26,5.12,5.43,5.02,5.42,16763801
2018-12-27,5.3,5.41,5.08,5.35,13089000
2018-12-28,5.35,5.76,5.35,5.71,19169740
2018-12-31,5.76,5.86,5.42,5.51,15324790
2019-01-02,5.38,5.87,5.35,5.79,15253360
2019-01-03,5.67,5.87,5.63,5.68,16429221
2019-01-04,5.67,5.99,5.63,5.95,18200350
2019-01-07,6,6.21,5.92,6.21,14726240
2019-01-08,6.3,6.45,6.21,6.4,16035380
2019-01-09,6.2,6.31,5.84,6.28,30170279
2019-01-10,6.37,6.4,6.11,6.22,15413430
2019-01-11,6.21,6.415,6.2,6.28,11728610
2019-01-14,6.46,6.5,6.24,6.31,10735560
2019-01-15,6.47,6.57,6.3762,6.54,15133290
2019-01-16,5.73,5.94,5.63,5.64,65799516
2019-01-17,5.72,5.84,5.65,5.74,27651551
2019-01-18,5.83,6.19,5.74,6.18,37966969
2019-01-22,6.07,6.24,5.88,5.93,20962449
2019-01-23,6.01,6.1,5.87,5.99,13145140
2019-01-24,5.94,6.2,5.91,6.17,15691830
2019-01-25,6.24,6.44,6.2,6.4,19936590
2019-01-28,6.27,6.395,6.2,6.34,12143090
2019-01-29,6.42,6.5,6.29,6.43,14387120
2019-01-30,6.47,6.6,6.31,6.57,16419279
2019-01-31,6.68,6.81,6.65,6.68,19115160
2019-02-01,6.78,7.15,6.73,6.91,22653020
2019-02-04,6.925,6.98,6.7,6.93,37550648
2019-02-05,7.02,7.05,6.8,7.04,58790961
2019-02-06,8.61,9.09,8.35,8.59,148568000
2019-02-07,8.36,8.69,8.04,8.57,53561879
2019-02-08,8.37,9.19,8.3,9.1,55131770
2019-02-11,9.03,9.195,8.85,8.99,38495672
2019-02-12,9.02,9.17,8.77,8.8,39187047
2019-02-13,8.75,9.23,8.67,9.07,37645680
2019-02-14,9.05,9.32,9.01,9.19,32451039
2019-02-15,9.2,9.23,9.04,9.12,19959811
2019-02-19,9.05,9.34,9.05,9.28,22961350
2019-02-20,9.25,9.33,9.14,9.24,21677199
2019-02-21,9.14,9.4,9.13,9.39,20051619
2019-02-22,9.39,9.8,9.32,9.71,30180699
2019-02-25,9.9,10.29,9.85,10.12,44870262
2019-02-26,10.12,10.42,9.825,10.08,30998770
2019-02-27,10.08,10.1,9.68,9.81,21923340
2019-02-28,9.85,9.925,9.63,9.8,16476279
2019-03-01,9.86,10.1599,9.755,9.8,21821760
2019-03-04,9.9,10.05,9.64,9.92,21506850
2019-03-05,9.91,10.11,9.825,10.08,19276449
2019-03-06,10,10.06,9.77,9.87,18320330
2019-03-07,9.85,9.855,9.16,9.49,28694500
2019-03-08,9.215,9.56,9.18,9.48,15665030
2019-03-11,9.6,10.065,9.43,9.96,21696301
2019-03-12,10.04,10.04,9.68,9.88,16308380
2019-03-13,9.88,10.06,9.765,10.05,14360960
2019-03-14,10.6,11.38,10.55,11.28,80897289
2019-03-15,11.56,11.67,10.93,11.16,51649520
2019-03-18,11.04,11.255,10.71,10.94,25751150
2019-03-19,10.89,11.04,10.57,10.63,23380891
2019-03-20,10.52,11.04,10.45,10.94,19052080
2019-03-21,10.86,11.02,10.76,11.01,14582410
2019-03-22,11,11.465,10.68,10.73,26372670
2019-03-25,10.68,10.85,10.46,10.72,13166320
2019-03-26,10.83,10.935,10.7,10.76,10066430
2019-03-27,10.75,10.84,10.43,10.64,11232540
2019-03-28,10.61,10.92,10.58,10.79,10308200
2019-03-29,10.86,11.06,10.77,11.02,13316970
2019-04-01,11.14,11.53,10.92,11.36,22120000
2019-04-02,11.01,11.3,10.93,11.22,20786539
2019-04-03,11.29,11.51,11.11,11.16,16793381
2019-04-04,11.23,11.54,10.98,11.28,28867740
2019-04-05,11.64,12.05,11.45,11.84,58510719
2019-04-08,12.31,12.63,12.19,12.27,42413406
2019-04-09,12.16,12.47,12.06,12.35,26261311
2019-04-10,11.84,12.2,11.565,12.02,45526031
2019-04-11,12.1,12.3701,11.79,11.9,20186010
2019-04-12,11.98,12.03,11.7,11.97,15400520
2019-04-15,11.9,12.02,11.79,11.85,10578910
2019-04-16,11.8,11.85,11.48,11.69,19741080
2019-04-17,11.76,11.83,11.52,11.75,14681620
2019-04-18,11.18,11.71,11.18,11.67,24285199
2019-04-22,11.55,11.7,11.23,11.53,20725500
2019-04-23,11.94,12.2,11.6742,11.99,63113352
2019-04-24,12.35,12.42,11.06,11.26,106430602
2019-04-25,11.13,11.15,10.51,10.79,51272559
2019-04-26,10.73,11.13,10.69,10.91,23725551
2019-04-29,11.1,11.29,11.06,11.22,21473820
2019-04-30,11.16,11.3699,11.02,11.14,17017900
2019-05-01,11.2,11.36,11.14,11.2,13589920
2019-05-02,11.23,11.25,10.99,11.24,12005040
2019-05-03,11.2503,11.84,11.2503,11.8,19211740
2019-05-06,11.39,11.86,11.38,11.77,12552520
2019-05-07,11.66,11.78,11.07,11.17,20793150
2019-05-08,11.24,11.2699,10.79,10.82,21362080
2019-05-09,10.71,11.1,10.65,10.98,15840650
2019-05-10,10.92,10.92,10.28,10.49,23159721
2019-05-13,10.05,10.34,10.04,10.11,15911860
2019-05-14,10.23,10.65,10.2,10.49,19956279
2019-05-15,10.45,10.73,10.4,10.66,12390520
2019-05-16,10.72,11.54,10.72,11.42,36343793
2019-05-17,11.24,11.64,11.09,11.49,24816971
2019-05-20,11.27,11.3,10.98,11.19,19753881
2019-05-21,11.3,11.56,11.3,11.54,18344770
2019-05-22,11.42,11.6,11.185,11.31,19407369
2019-05-23,11.05,11.36,10.76,11.12,24490369
2019-05-24,11.45,11.81,11.4,11.56,29187160
2019-05-28,11.58,11.6,11.22,11.57,46617078
2019-05-29,11.31,11.69,11.24,11.68,18806840
2019-05-30,11.72,12.19,11.625,11.99,28743949
2019-05-31,11.99,12.1,11.7628,11.89,29254279
2019-06-03,11.88,12.37,11.53,11.69,33333281
2019-06-04,11.85,12.95,11.845,12.95,53352512
2019-06-05,12.99,13.14,12.595,12.94,30010820
2019-06-06,13,14.13,12.56,13.82,57526809
2019-06-07,13.91,14.11,13.82,13.87,28549260
2019-06-10,13.95,14.07,13.695,13.77,25589840
2019-06-11,13.93,13.97,13.385,13.54,21897990
2019-06-12,13.71,13.98,13.4767,13.75,17515760
2019-06-13,13.85,14.31,13.75,14.11,25002971
2019-06-14,14.15,14.15,13.65,13.96,24189740
2019-06-17,14.17,14.18,13.395,13.55,26879850
2019-06-18,14.14,14.98,14.12,14.86,56473199
2019-06-19,14.85,14.85,14.46,14.67,26536721
2019-06-20,14.83,15,14.63,14.84,18753971
2019-06-21,14.79,14.82,14.53,14.56,13530770
2019-06-24,14.68,15.01,14.64,14.76,27563119
2019-06-25,14.69,15,14.28,14.53,25231141
2019-06-26,14.75,14.93,14.64,14.71,18330750
2019-06-27,14.76,14.81,14.5599,14.58,13184950
2019-06-28,14.76,14.78,14.18,14.3,20060070
2019-07-01,14.73,14.8085,14.34,14.35,18527850
2019-07-02,14.46,14.48,13.98,14.1,17823900
2019-07-03,14.1,14.77,14.08,14.76,15065240
2019-07-05,14.66,15.288,14.55,15.23,26456119
2019-07-08,15.12,15.36,15.01,15.14,14292930
2019-07-09,15.3,15.57,14.8,15.25,26250619
2019-07-10,15.26,15.36,14.9716,15.26,17194510
2019-07-11,15.61,15.94,15.385,15.57,26709650
2019-07-12,16.16,16.24,15.53,15.61,39198848
2019-07-15,15.59,15.73,15.28,15.5,16919609
2019-07-16,15.5,15.53,14.89,15,24522971
2019-07-17,14.9,15.14,14.56,14.93,13471280
2019-07-18,14.72,14.94,14.43,14.55,19050850
2019-07-19,14.62,14.65,13.96,14.02,30424350
2019-07-22,14.02,14.47,13.98,14.15,26770029
2019-07-23,14.66,14.93,14.25,14.83,78779023
2019-07-24,16.22,17.61,16.0799,17.61,143867594
2019-07-25,17.23,18,17.12,17.69,88040547
2019-07-26,17.7,18.36,17.62,17.89,55913059
2019-07-29,18.01,18.12,17.44,17.5,25542301
2019-07-30,17.23,17.3284,16.9,16.93,33597168
2019-07-31,16.98,17.32,16.475,16.8,30566770
2019-08-01,16.83,17.45,16.59,16.68,35265441
2019-08-02,16.54,17.23,16.46,17.03,23809369
2019-08-05,16.57,16.63,16.03,16.46,26598609
2019-08-06,16.2,16.63,16.16,16.29,30305930
2019-08-07,15.61,16.075,15.52,15.91,42074871
2019-08-08,16.1,16.82,15.9,16.76,35592719
2019-08-09,16.88,17.19,16.63,16.98,27503289
2019-08-12,16.85,16.97,16.36,16.81,17905170
2019-08-13,16.8,17.11,16.65,17,22496801
2019-08-14,16.62,16.89,16.29,16.36,18094850
2019-08-15,16.46,16.5,15.85,15.99,18199949
2019-08-16,16.13,16.19,15.47,15.98,25843920
2019-08-19,16.07,16.2,15.85,16.16,18707500
2019-08-20,15.99,16.44,15.95,16.08,17837391
2019-08-21,16.3,16.3365,15.97,16.14,15828530
2019-08-22,16.25,16.74,16.02,16.08,25040439
2019-08-23,15.95,16.07,15.52,15.55,19967480
2019-08-26,15.64,16.21,15.57,16.11,23655980
2019-08-27,16.21,16.305,15.03,15.51,31454160
2019-08-28,15.3,15.705,15.25,15.55,19134930
2019-08-29,15.81,16.0815,15.75,15.78,14749470
2019-08-30,15.93,15.97,15.55,15.83,10603810
2019-09-03,16.09,16.4,15.57,15.93,30209471
2019-09-04,16.03,16.12,15.77,15.8,18326320
2019-09-05,15.93,16.0899,15.83,15.87,20776869
2019-09-06,15.97,16.635,15.9,16.62,29128689
2019-09-09,16.35,16.63,15.155,15.31,49568129
2019-09-10,15.13,15.2,14.57,15.02,28741221
2019-09-11,15.28,15.39,14.83,15.31,17825051
2019-09-12,15.25,15.94,15.2,15.77,17944490
2019-09-13,15.82,16.13,15.66,16,15916010
2019-09-16,15.84,15.995,15.51,15.76,15548620
2019-09-17,16.01,16.9,15.98,16.83,40407379
2019-09-18,16.63,17.04,16.38,16.9,33298352
2019-09-19,16.87,16.97,16.225,16.88,31799500
2019-09-20,16.88,17.14,16.86,17.04,31987250
2019-09-23,17.05,17.32,16.94,17.12,24325721
2019-09-24,17.7,18.17,16.815,17.04,49417910
2019-09-25,17.21,17.21,16.48,17.11,29375760
2019-09-26,17.03,17.0377,16.66,17,22024090
2019-09-27,16.98,17.1,15.7,16.02,35289527
2019-09-30,16,16.02,15.4,15.8,20773180
2019-10-01,16.04,16.46,15.46,15.52,27745699
2019-10-02,15.28,15.335,14.71,14.8,33225230
2019-10-03,14.58,14.64,13.68,14.3,58435969
2019-10-04,14.9,15.17,14.42,14.52,33704711
2019-10-07,14.47,14.68,14.335,14.47,21590980
2019-10-08,14.3,14.59,14.05,14.15,23736529
2019-10-09,14.3,14.33,14.04,14.21,15560120
2019-10-10,14.19,14.38,14.01,14.08,15524720
2019-10-11,14.24,14.57,14.1,14.16,27746480
2019-10-14,14.19,14.22,13.64,13.76,20694391
2019-10-15,13.87,14.15,13.86,14.09,22110779
2019-10-16,14.02,14.04,13.62,13.67,22875461
2019-10-17,13.73,14.12,13.69,13.78,21096490
2019-10-18,14.15,14.28,13.42,13.52,39057301
2019-10-21,13.76,14.63,13.725,14.58,45431539
2019-10-22,15,15.03,13.91,14,84610945
2019-10-23,13.91,14.38,12.93,13.18,112851398
2019-10-24,13.18,13.65,12.71,13.52,54563113
2019-10-25,13.41,14.01,13.32,13.96,28339760
2019-10-28,14.04,14.73,14.01,14.68,37665898
2019-10-29,14.5,14.95,14.37,14.64,21062539
2019-10-30,14.71,14.9,14.4324,14.86,19134641
2019-10-31,14.82,15.17,14.545,15.06,21633740
2019-11-01,15.09,15.38,14.93,15.18,19915881
2019-11-04,15.31,15.38,15.15,15.35,17392660
2019-11-05,15.32,15.35,14.81,14.83,18667039
2019-11-06,14.87,14.88,14.23,14.41,23041330
2019-11-07,14.41,14.7,14.14,14.16,17196480
2019-11-08,14.18,14.52,14.09,14.19,14253180
2019-11-11,14.13,14.41,13.96,14.39,13129980
2019-11-12,14.38,14.64,14.32,14.38,13020960
2019-11-13,14.38,14.64,14.3401,14.47,8472354
2019-11-14,14.42,14.59,14.21,14.37,16352590
2019-11-15,14.48,14.595,13.5,13.94,33510301
2019-11-18,14.08,14.74,14.04,14.69,33326641
2019-11-19,14.58,15.26,14.39,15.16,24848961
2019-11-20,15.07,15.52,15.01,15.31,21039061
2019-11-21,15.33,15.63,15.06,15.08,21572400
2019-11-22,15.18,15.5,15.01,15.26,20997301
2019-11-25,15.59,15.9,15.49,15.5,25680680
2019-11-26,15.46,15.545,15.161,15.46,20548400
2019-11-27,15.53,15.53,15.23,15.35,11531680
2019-11-29,15.23,15.355,15.19,15.25,6311184
2019-12-02,15.25,15.28,14.54,14.6,25337289
2019-12-03,14.22,14.98,14.16,14.92,19249869
2019-12-04,14.99,15.08,14.81,15,11210520
2019-12-05,15.05,15.16,14.66,14.68,11987610
2019-12-06,14.86,14.95,14.7,14.74,11223680
2019-12-09,14.64,14.885,14.21,14.23,20272420
2019-12-10,14.23,14.33,13.97,14.09,20385730
2019-12-11,14.01,14.25,13.96,14.23,11705630
2019-12-12,14.16,14.47,14.07,14.45,16450801
2019-12-13,14.75,15.19,14.58,15.09,27805859
2019-12-16,15.21,15.235,14.85,15.11,27311109
2019-12-17,15.1,15.42,15.05,15.1,23302881
2019-12-18,15.07,15.39,15.06,15.11,16838359
2019-12-19,15.05,15.47,15,15.46,21127029
2019-12-20,15.54,15.74,15.29,15.55,24978381
2019-12-23,15.55,15.59,15.23,15.49,19972580
2019-12-24,15.53,15.65,15.385,15.61,8907875
2019-12-26,15.6,16.18,15.5,15.97,22710029
2019-12-27,16.08,16.18,15.781,16.03,15000090
2019-12-30,16.05,16.17,15.68,15.89,15615250
2019-12-31,15.78,16.35,15.77,16.33,18055250
2020-01-02,16.62,16.95,16.46,16.78,26096260
2020-01-03,16.43,17.1,16.35,16.75,19783631
2020-01-06,16.65,16.79,16.41,16.78,15980490
2020-01-07,16.87,17.065,16.55,17.03,21450920
2020-01-08,16.98,17.01,16.65,16.67,15611800
2020-01-09,17.29,17.93,17.04,17.36,62798219
2020-01-10,17.66,17.73,17.28,17.41,25643260
2020-01-13,17.48,18,17.3,18,22446609
2020-01-14,17.99,18.09,17.665,17.99,25409141
2020-01-15,18,18.52,17.97,18.19,23381320
2020-01-16,18.02,18.41,17.7766,18.25,27082289
2020-01-17,19.1,19.29,18.76,19.11,46317281
2020-01-21,19.02,19.25,18.77,19,24782449
2020-01-22,19.23,19.53,19.06,19.1,23406859
2020-01-23,19.18,19.43,18.91,19.25,25071471
2020-01-24,19.71,19.755,18.84,19.05,32866672
2020-01-27,18.47,18.77,18.27,18.62,19065279
2020-01-28,18.8,19.11,18.705,18.99,23612439
2020-01-29,19.15,19.27,18.9301,19.14,18193539
2020-01-30,18.81,18.965,18.58,18.88,17175641
2020-01-31,18.73,18.79,18.18,18.38,24963070
2020-02-03,18.65,18.85,18.2,18.23,30530311
2020-02-04,18.48,19.035,18.23,18.98,56952070
2020-02-05,18.02,18.08,16.11,16.19,109380398
2020-02-06,16.36,17.14,16.28,17,40145609
2020-02-07,16.96,17.18,16.68,17.13,28828811
2020-02-10,17.05,17.6,17,17.6,22060279
2020-02-11,17.65,17.8,17.44,17.61,18698551
2020-02-12,17.66,17.66,17.19,17.4,17627949
2020-02-13,17.22,17.74,17.17,17.59,13770420
2020-02-14,17.54,17.86,17.43,17.56,15255440
2020-02-18,17.44,17.53,16.7435,17.17,29742600
2020-02-19,17.23,17.33,17.1,17.2,16805109
2020-02-20,17.09,17.39,16.6,16.92,22831609
2020-02-21,16.83,16.91,16.5,16.7,14460340
2020-02-24,15.69,16.415,15.56,16.15,23185430
2020-02-25,16.31,16.35,15.76,15.89,20380580
2020-02-26,15.93,16.495,15.43,15.67,21304330
2020-02-27,15.18,15.28,14.63,14.66,30827820
2020-02-28,13.86,14.28,13.63,14.17,40967281
2020-03-02,14.35,14.53,13.745,14.39,27697221
2020-03-03,14.5,14.74,13.35,13.55,29756250
2020-03-04,13.82,13.85,13.21,13.63,34396621
2020-03-05,13.68,14.2098,13.53,13.85,43604121
2020-03-06,13.46,13.549,12.665,13,41636809
2020-03-09,11.25,12.13,11,11.45,37469793
2020-03-10,11.91,11.99,10.99,11.99,35774930
2020-03-11,11.57,11.67,10.57,10.81,37349281
2020-03-12,10.07,11.13,9.712,10.42,38258070
2020-03-13,11.09,11.35,10.78,11.35,28720600
2020-03-16,9.61,10.2,9.03,9.06,46692969
2020-03-17,9.19,9.365,8.205,8.91,40532039
2020-03-18,8.03,9.08,7.89,8.37,52321727
2020-03-19,8.3,9.68,8.1,9.47,39237660
2020-03-20,9.98,10.4,9.65,10.09,53853473
2020-03-23,10.12,10.95,10.05,10.65,32488230
2020-03-24,11.32,11.58,10.68,11,27699631
2020-03-25,11.15,11.645,10.47,11.23,31723570
2020-03-26,11.31,12.07,11.26,11.95,20008311
2020-03-27,11.59,12.41,11.32,12.18,30817811
2020-03-30,12.05,12.27,11.59,11.85,32480150
2020-03-31,11.65,12.6,11.63,11.89,32326859
2020-04-01,11.32,11.69,10.98,11.21,25550770
2020-04-02,11.18,11.8183,11.0221,11.27,19925150
2020-04-03,11.3,11.4498,10.85,11.06,16545881
2020-04-06,11.47,12.25,11.32,12.16,23809500
2020-04-07,12.6,12.73,12.01,12.1,26238670
2020-04-08,12.57,13.45,12.5,13.22,29895920
2020-04-09,13.52,13.87,13.21,13.61,30755029
2020-04-13,13.69,13.82,13.16,13.54,16725811
2020-04-14,13.7,14.09,13.55,13.78,18277670
2020-04-15,13.46,13.69,13.37,13.58,17873430
2020-04-16,13.63,13.65,12.63,13.02,32030510
2020-04-17,13.2,13.465,12.84,12.98,21355359
2020-04-20,12.77,13.335,12.52,12.92,25989100
2020-04-21,12.71,13.04,12.44,12.44,46695340
2020-04-22,15.18,17.15,14.85,17.01,171234797
2020-04-23,16.51,16.86,16.03,16.06,89404289
2020-04-24,15.94,16.22,15.58,16,65433688
2020-04-27,16.25,17,16.1021,16.91,43135559
2020-04-28,17.03,17.26,16.15,16.41,28909900
2020-04-29,16.8,17.87,16.6,17.83,41753633
2020-04-30,17.5,17.99,17.23,17.61,30870830
2020-05-01,17,17.3,16.53,16.79,27128400
2020-05-04,16.6,17.19,16.53,17.1,17655650
2020-05-05,17.17,17.755,17.122,17.51,25580189
2020-05-06,17.02,17.82,17.01,17.33,25366150
2020-05-07,17.6,18.17,17.53,18.15,31858529
2020-05-08,18.18,18.26,17.76,18.23,20377260
2020-05-11,18.1,18.46,18.01,18.09,17924381
2020-05-12,18.2,18.27,17.38,17.38,18419619
2020-05-13,17.4,17.59,16.43,16.77,21877520
2020-05-14,16.65,17.15,16.42,16.93,19518580
2020-05-15,16.8,17.235,16.62,17.1,21957689
2020-05-18,17.5,18.2,17.45,17.49,28773980
2020-05-19,17.28,17.88,17.245,17.48,13718660
2020-05-20,17.67,18.25,17.67,18.23,20380910
2020-05-21,18.2,18.39,17.52,17.55,16285490
2020-05-22,17.67,17.68,17.29,17.67,12321580
2020-05-26,18,18.03,17.38,17.41,16956131
2020-05-27,17.39,17.39,16.51,17,23493551
2020-05-28,16.9,18.38,16.842,18.25,46457578
2020-05-29,18.29,19.01,17.925,18.94,58897008
2020-06-01,19,19.59,18.72,19.55,36198602
2020-06-02,19.66,19.87,19.18,19.75,25398010
2020-06-03,19.83,19.83,18.91,19.73,38326379
2020-06-04,19.49,20.03,19.06,19.26,47137180
2020-06-05,19.45,20.34,19.32,20.33,36127160
2020-06-08,20.3,20.76,20.06,20.65,20878100
2020-06-09,20.46,21.14,20.42,21.09,27319480
2020-06-10,21.24,21.36,20.3,21.2,33715602
2020-06-11,20.05,20.95,19.615,19.71,39308160
2020-06-12,20.42,20.44,19.64,20.18,24757029
2020-06-15,19.81,20.79,19.74,20.75,16289440
2020-06-16,21.3,21.455,20.635,20.9,20843000
2020-06-17,21,21.95,20.86,21.82,24852061
2020-06-18,21.81,22.01,21.66,21.99,17778051
2020-06-19,22.41,22.695,21.95,22.66,33297121
2020-06-22,22.84,23.6,22.71,23.2,26305020
2020-06-23,23.46,23.915,23.08,23.67,26578340
2020-06-24,23.52,23.95,22.88,23.63,26026551
2020-06-25,23.51,24.5,23.45,24.48,26016500
2020-06-26,24.84,24.9,23.05,23.07,34806289
2020-06-29,22.86,23.2,22.03,23.09,29191740
2020-06-30,23.06,23.6675,22.68,23.49,21714980
2020-07-01,23.65,24.225,23.585,23.72,21733779
2020-07-02,24.01,24.12,23.105,23.22,18493869
2020-07-06,23.51,23.97,23.36,23.42,18706029
2020-07-07,23.73,25.58,23.55,24.81,41802609
2020-07-08,25.28,26.5,25.14,26.41,39698930
2020-07-09,26.05,26.76,25.25,25.94,21725920
2020-07-10,25.92,25.93,24.91,25.53,23809100
2020-07-13,25.82,26.28,24.23,24.27,21231330
2020-07-14,24,24.27,23.02,23.74,30313369
2020-07-15,24.15,24.65,23.69,24.54,24478520
2020-07-16,24.18,24.42,23.44,23.9,20179590
2020-07-17,23.94,24.68,23.79,24.54,17438891
2020-07-20,24.86,25.32,24.46,25.27,20237600
2020-07-21,25.58,25.74,24.58,24.74,51942047
2020-07-22,23.49,23.79,22.46,23.2,83824273
2020-07-23,22.78,23.09,21.8,21.97,47380168
2020-07-24,21.88,22.45,21.53,22.15,22471840
2020-07-27,22.34,22.85,22.2044,22.84,21434859
2020-07-28,22.66,22.99,22.415,22.59,15210790
2020-07-29,22.85,23.005,22.62,22.9,13132400
2020-07-30,22.7,22.9,22.35,22.41,17607570
2020-07-31,22.83,23.96,22.05,22.42,51528941
2020-08-03,21.89,21.89,20.61,21.22,56421566
2020-08-04,21.19,22.27,21.18,21.76,25185240
2020-08-05,21.78,22.135,21.51,21.7,17260740
2020-08-06,21.8,21.9,21.13,21.35,28055779
2020-08-07,21.36,22.2,21.28,21.58,30708510
2020-08-10,21.7,22.29,21.21,22.02,21486221
2020-08-11,21.83,22.5,21.55,21.6,16382860
2020-08-12,21.84,22.29,21.71,21.86,13428170
2020-08-13,22,22.33,21.63,21.9,12412680
2020-08-14,21.9,22.0481,21.46,21.69,9311703
2020-08-17,21.83,21.98,21.26,21.79,16250450
2020-08-18,21.94,22.125,21.58,21.77,13052750
2020-08-19,21.71,22.435,21.542,21.92,17048471
2020-08-20,21.76,21.97,21.575,21.83,8692852
2020-08-21,21.9,21.9916,21.55,21.6,10525420
2020-08-24,21.76,21.76,20.77,20.87,22641760
2020-08-25,20.9,21.19,20.68,21.12,18686391
2020-08-26,21.15,21.41,21.01,21.36,12894650
2020-08-27,21.5,22.1995,20.87,21.74,23754061
2020-08-28,21.79,22.35,21.4,22.31,22074930
2020-08-31,22.83,23.19,22.2921,22.59,21587711
2020-09-01,22.76,22.76,21.8,22.41,25392570
2020-09-02,22.52,23.56,22.39,23.53,40138887
2020-09-03,23.25,23.41,22.42,23.2,30099689
2020-09-04,22.9,23.58,21.435,22.44,23886359
2020-09-08,21.7,23.085,21.53,22.69,19532381
2020-09-09,23.08,24.02,22.875,23.65,26486910
2020-09-10,24.17,24.375,23.035,23.31,20539061
2020-09-11,23.73,24.4181,23.705,24.19,37826000
2020-09-14,23.59,24.16,23.21,24.13,24503150
2020-09-15,24.49,24.88,23.97,24.47,25063240
2020-09-16,24.49,25.22,24.42,24.86,26937240
2020-09-17,24.23,24.665,23.93,24.3,21249170
2020-09-18,24.75,24.75,23.1995,23.82,23854119
2020-09-21,23.11,24.3,23.0618,23.88,16678160
2020-09-22,24.1,25.49,24.09,25.47,32627350
2020-09-23,25.67,25.93,24.92,25.37,22750650
2020-09-24,24.85,24.95,24.02,24.32,19425750
2020-09-25,24.4,24.73,24.129,24.69,11036570
2020-09-28,25.35,25.84,25.21,25.74,19124430
2020-09-29,25.83,26.36,25.7701,25.99,15903010
2020-09-30,25.87,26.47,25.82,26.11,13109290
2020-10-01,26.28,27.02,26.19,26.78,17177430
2020-10-02,26.23,26.9879,26.13,26.64,14950580
2020-10-05,26.95,27.64,26.91,27.54,14193520
2020-10-06,27.5,27.79,26.51,26.73,14543930
2020-10-07,27.1,27.13,26.62,26.67,8622870
2020-10-08,27,27.1348,26.81,27.05,9753118
2020-10-09,27.16,27.47,26.895,27,10984730
2020-10-12,27.36,27.67,26.945,26.96,11117840
2020-10-13,27.27,27.38,26.91,27,11848960
2020-10-14,27.22,27.44,26.685,27.32,13559130
2020-10-15,27.05,28.1,26.88,28.06,18957020
2020-10-16,28.5,28.555,27.52,27.83,21636170
2020-10-19,28.25,29.08,28.25,28.66,31479311
2020-10-20,28.28,28.95,27.905,28.45,47067910
2020-10-21,34.97,38.89,34.52,36.5,254363109
2020-10-22,36.94,39.19,36.86,38.97,124632398
2020-10-23,39.43,43.19,39.17,43.17,206472891
2020-10-26,43.19,44.18,40.91,41.27,138808609
2020-10-27,41.55,42.34,40.8,41.54,63646871
2020-10-28,40.31,43.4,40.12,42.86,78827789
2020-10-29,43.3,43.6,41.51,42.22,38288039
2020-10-30,42.06,42.12,38.7901,39.39,52777594
2020-11-02,39.53,40.954,38.67,40.79,37493809
2020-11-03,40.7,41.69,40.35,41.17,22719779
2020-11-04,41.56,42.54,41.06,41.99,23314760
2020-11-05,42.29,42.53,41.22,41.55,25087439
2020-11-06,41.68,45.6,41.14,45.38,45874559
2020-11-09,43.2,44.53,41.09,41.1,35135793
2020-11-10,40.67,40.68,37.35,38.54,42098246
2020-11-11,39.59,40.1475,38.34,38.46,31819420
2020-11-12,39.52,41.799,39.15,40.3,36542230
2020-11-13,40.45,40.96,39.24,40.43,18618500
2020-11-16,39.03,41.31,38.7,39.08,27157170
2020-11-17,39.01,39.765,38.51,39.27,25704930
2020-11-18,39.31,40.98,39.19,40.63,18370840
2020-11-19,40.6,42.42,39.96,42.29,28472660
2020-11-20,42.62,44.32,42.22,44.29,28635850
2020-11-23,47.1,47.27,45.11,45.26,37072539
2020-11-24,45.6,45.69,43.3618,44.29,24445740
2020-11-25,44.12,45.69,43.7,45.56,17817619
2020-11-27,45.82,46.34,45.17,46.03,7690656
2020-11-30,46.02,46.25,43.26,44.42,18893279
2020-12-01,44.9,45.2,43.38,44.5,17089789
2020-12-02,44.43,47.5,43.53,47.49,24355689
2020-12-03,47.05,48.6,46.2219,47.95,21367561
2020-12-04,47.99,48.6,47.4,48.1,13089390
2020-12-07,48,49.65,47.8,49.45,18759949
2020-12-08,49.33,50.43,49.18,50,12446520
2020-12-09,50,50.977,48.46,49.15,18354711
2020-12-10,48.85,53.265,48.6,53.15,31519730
2020-12-11,52.88,53.85,51.88,53.33,26837740
2020-12-14,53.68,53.73,51.2775,51.6,18931199
2020-12-15,51.79,52.6545,51.13,51.35,14553260
2020-12-16,52.11,52.52,50.29,51.65,27167730
2020-12-17,52.56,54.71,51.9,53.25,25356109
2020-12-18,53.56,54.29,52.42,52.99,24450170
2020-12-21,52.38,53.24,51.86,52.36,10785220
2020-12-22,52.59,53.305,50.8,52.09,16253270
2020-12-23,52.14,53.79,51.5,51.74,12929280
2020-12-24,51.92,51.98,49.88,50.15,9450369
2020-12-28,50.77,50.83,47.82,48.26,13711160
2020-12-29,51.48,53.78,50.46,51.23,49966078
2020-12-30,51.37,51.83,49.32,49.35,17746240
2020-12-31,49.5,50.45,49.03,50.07,15597020
2021-01-04,50.44,50.7,48.099,49.59,18844891
2021-01-05,49.35,50.64,49.26,50.31,8863435
2021-01-06,49.11,51.08,48.47,49.82,15054120
2021-01-07,50.35,53.82,50.35,52.44,20559789
2021-01-08,53.43,53.68,52.18,52.73,11944200
2021-01-11,51.86,55.79,51.09,54.38,17815980
2021-01-12,55.22,56.65,54.25,56.45,19234840
2021-01-13,56.75,57.39,53.43,53.43,14848200
2021-01-14,53.3,54.435,48.71,49.03,31962670
2021-01-15,50.7,51.07,49.05,50.31,22625730
2021-01-19,51.34,51.49,49.12,50.39,21063910
2021-01-20,50.61,52.23,49.95,52.2,15595050
2021-01-21,53.96,54.8482,53.01,54.4,19747400
2021-01-22,53.9,54.43,53.15,53.57,16258710
2021-01-25,54.8984,55.3399,50.91,53.65,14822810
2021-01-26,54.12,54.44,52.4,53.29,13339970
2021-01-27,51.76,52.15,48.14,48.95,24099061
2021-01-28,50.81,54.78,50.28,53.13,25526689
2021-01-29,52.6,53.31,50.76,52.94,15104840
2021-02-01,54,56.91,52.9,56.85,21208789
2021-02-02,57.35,59.41,56.95,58.87,18725910
2021-02-03,60.35,60.52,57.9001,59.26,22390869
2021-02-04,60.13,60.33,58.31,58.31,32019180
2021-02-05,56.39,64.44,55.51,63.64,85645984
2021-02-08,63.34,63.78,61.4,63.78,28520449
2021-02-09,63.16,65.32,62.33,62.8,17318199
2021-02-10,63.43,63.78,61.05,62.6,10264580
2021-02-11,63.94,65.42,61.72,62.23,16315100
2021-02-12,62.06,63.29,60.88,61.97,11618120
2021-02-16,62.28,64.29,61.18,62.81,18670990
2021-02-17,62.03,63.22,61.07,62.72,14343040
2021-02-18,61.98,64,61.4,62.87,12937380
2021-02-19,63.92,65.79,63.73,65.52,24490631
2021-02-22,66.35,67.5,63.08,63.41,22511631
2021-02-23,61.05,72.95,56.83,70.45,76106352
2021-02-24,70.91,73.59,68.505,69.47,40732262
2021-02-25,69.4,70.9,62.71,63.26,25413631
2021-02-26,64.86,66.32,62,65.66,29438359
2021-03-01,66.93,67.7,63.32,66.67,22141100
2021-03-02,67,68.88,64.2,64.51,18762170
2021-03-03,64.52,64.7,58.9296,60.02,22914641
2021-03-04,60.01,61.08,55.93,57.71,25453770
2021-03-05,57.9,57.95,51.32,57.43,28930650
2021-03-08,57.8,58.57,52,52.89,26807590
2021-03-09,55.41,57.29,54.51,56.3,20761000
2021-03-10,57.41,58.43,55.01,55.07,19773750
2021-03-11,56.75,59.97,56.25,59.62,22780039
2021-03-12,58.33,64.36,57.0863,62.69,23441311
2021-03-15,62.495,63.97,61.39,63.74,16843779
2021-03-16,64.4,65.13,60.92,62.23,18260211
2021-03-17,60.82,64.3,59.58,63.95,17473590
2021-03-18,63.17,63.23,58.22,58.49,22571180
2021-03-19,58.65,59.4,57.42,58.36,20748641
2021-03-22,57.19,58.69,54.6001,58.16,27575400
2021-03-23,58.1,58.19,55.205,55.26,17510721
2021-03-24,55.7,56.36,49.51,50.51,25471891
2021-03-25,49.27,51.75,48.32,51.41,21692141
2021-03-26,51.5,51.85,49.86,51.6,15199560
2021-03-29,51.01,51.75,48.9,49.57,17896520
2021-03-30,49.07,50.57,47.92,49.61,17599930
2021-03-31,50.57,53.2948,49.97,52.29,26444609
2021-04-01,53.69,54.72,53.35,54.49,16155760
2021-04-05,55.18,55.28,52.69,54.11,12737410
2021-04-06,56.78,58.13,55.97,56.88,27868850
2021-04-07,57.12,61.13,56.9,60.23,38682312
2021-04-08,61.04,63.21,60.53,63.2,28898740
2021-04-09,62.68,64.07,62.15,63.27,17271029
2021-04-12,62.81,63.32,60.92,62.44,11311880
2021-04-13,63.48,63.64,61.46,62.44,8829211
2021-04-14,64.01,65.86,61.73,62.01,20883221
2021-04-15,62.51,64.77,61.61,63.89,15303270
2021-04-16,63.72,63.785,60.11,61.25,19777881
2021-04-19,60.47,60.63,58.12,60.44,17192900
2021-04-20,59.69,59.91,57.12,58.49,18048090
2021-04-21,57.65,59.09,56.7,58.3,13115970
2021-04-22,59.11,59.25,56.3933,57.05,30856641
2021-04-23,62.01,63.2,57.32,61.3,104579398
2021-04-26,60.97,61.44,58.58,60.02,38422230
2021-04-27,58.73,62.75,58.36,60.51,65967719
2021-04-28,59.85,62.14,57.86,62.04,42222801
2021-04-29,62.52,64.25,60.58,62.28,37436594
2021-04-30,60.86,63.39,60.83,61.82,25053891
2021-05-03,62.04,62.84,58.64,59.17,22347080
2021-05-04,57.95,58.11,53.09,55.78,40725699
2021-05-05,56.75,57,53.8301,54.07,18164699
2021-05-06,53.33,54.06,51.47,52.59,25201510
2021-05-07,53.84,55.46,53.54,54.7,20012340
2021-05-10,53.18,53.2,50.4,52.14,23674490
2021-05-11,50.61,53.65,50.14,53.29,21201510
2021-05-12,52.2,53.15,50.7,51.56,18791570
2021-05-13,52.01,52.7,49.895,50.96,13140970
2021-05-14,51.36,53.43,51.25,52.99,11479090
2021-05-17,52.66,54.06,51.64,53.91,14381250
2021-05-18,54.17,55.59,53.35,53.36,14819600
2021-05-19,51.61,54.2501,51.1582,53.91,12949170
2021-05-20,54.25,57.37,54.09,57.07,24206490
2021-05-21,57.21,58.1966,56.17,56.61,19871170
2021-05-24,57.35,60.82,57.15,60.12,18676609
2021-05-25,60.42,60.7848,59.01,59.15,11633500
2021-05-26,59.97,61.37,59.7,60.59,13851990
2021-05-27,60.3,61.28,59.5301,61.07,11570850
2021-05-28,61.075,62.65,61.075,62.12,11239180
2021-06-01,62.9,63.84,61.86,63.69,18210061
2021-06-02,62.76,63.69,61.13,62.79,16490779
2021-06-03,61.78,62.055,59.88,60.6,15009070
2021-06-04,61,61.555,60.43,61,11817680
2021-06-07,60.99,61.57,59.71,61.37,9017128
2021-06-08,61.7,62.12,59.26,60.15,13150080
2021-06-09,60.53,62.86,59.98,61.77,16440650
2021-06-10,61.2,62.75,60.8,62.63,10696920
2021-06-11,62.95,65.07,62.33,64.09,22211221
2021-06-14,64.56,65.66,63.23,63.57,14734590
2021-06-15,63.06,63.39,62.06,62.28,11037460
2021-06-16,62.41,63.29,59.44,60.2,18611840
2021-06-17,59.63,63.06,59.62,62.29,12760390
2021-06-18,61.8,64.6299,61.65,63.17,19813150
2021-06-21,63.06,64.12,61.11,63.6,11216790
2021-06-22,63.62,64.59,62.28,62.93,13034310
2021-06-23,63.2,67.07,63.1,66.35,25658721
2021-06-24,67.94,69.35,66.66,67.65,27664090
2021-06-25,68.11,68.52,66.68,67.67,11112490
2021-06-28,67.76,67.9,65.76,66.22,13671600
2021-06-29,66.52,68.1668,66.14,67.57,10093730
2021-06-30,66.85,68.83,66.6,68.14,11060110
2021-07-01,68.58,69.29,66.68,67.66,14710450
2021-07-02,68.12,69.035,67.6842,68.49,10762020
2021-07-06,69.685,70.24,68.13,69.06,16369270
2021-07-07,69.61,69.94,65.1,65.13,17460301
2021-07-08,62.92,64.3875,61.6,61.96,17680881
2021-07-09,62.5,65.89,62.43,65.81,17119699
2021-07-12,65.9,66.25,64.24,64.79,8624006
2021-07-13,64.75,65.47,63.42,63.95,9182042
2021-07-14,64.51,64.81,62.08,62.47,11786340
2021-07-15,61.64,62.63,59.75,60.5,14524500
2021-07-16,61.215,62.26,58.26,59.31,22747551
2021-07-19,57.88,60.32,57.48,59.58,13686690
2021-07-20,60.59,63.06,59.23,62.33,16588680
2021-07-21,62.09,63.64,61.82,63.39,11132550
2021-07-22,62.82,63.74,61.8101,62.97,28021789
2021-07-23,74.14,79.18,74,77.97,116232797
2021-07-26,77.24,78.74,74.27,76.32,50598500
2021-07-27,75.56,76.95,71.83,73.97,33077180
2021-07-28,74.5,76.61,72.63,76.16,20878529
2021-07-29,75.88,77.38,74.71,74.92,15786200
2021-07-30,74.01,75.87,73.62,74.42,16173670
2021-08-02,74.3,75.35,73.29,73.5,10369500
2021-08-03,73.86,75.6888,71.87,73.38,17770520
2021-08-04,73,77.35,72.38,76.9,19408650
2021-08-05,75.82,78.11,74.55,77.32,17293980
2021-08-06,76.39,78.55,75.6,75.98,10733580
2021-08-09,75.7,78.28,74.79,78.15,12418950
2021-08-10,78.35,80.85,75.5,75.8,19735539
2021-08-11,76.41,77.78,75.67,76.53,10099150
2021-08-12,76.38,76.88,75.01,75.26,8038462
2021-08-13,75.29,75.85,74.0601,74.62,7148855
2021-08-16,74.03,74.79,69.9,72.44,19358109
2021-08-17,71.09,72.61,70.05,71.81,12077440
2021-08-18,71.29,73.38,71,71.96,8067627
2021-08-19,70.5,72.545,70.4,70.86,8874468
2021-08-20,71.2,72.9699,70.8,72.72,8615044
2021-08-23,74.01,75.93,73.67,75.5,11055930
2021-08-24,75.82,76.37,73.72,74.63,9663823
2021-08-25,74.31,74.976,73.49,74.69,7901376
2021-08-26,74.72,74.95,71.512,71.61,19872359
2021-08-27,72.18,73.88,71.66,73.12,10123750
2021-08-30,73.3,75,71.78,74.51,8825255
2021-08-31,74.86,77.88,74.1,76.11,18475211
2021-09-01,75.98,77.25,73.69,74.17,15642340
2021-09-02,74.6,76.2,73.6,73.92,12180180
2021-09-03,73.92,75.47,72.93,75.08,9241093
2021-09-07,75.83,76.84,74.052,76.49,11741250
2021-09-08,76.22,76.7,73.23,74.13,11538930
2021-09-09,74.11,75.6656,73.54,74.62,10564280
2021-09-10,75.25,75.99,74.275,74.5,9219246
2021-09-13,75.61,75.61,69.82,71.26,19913381
2021-09-14,71.69,72.79,70.81,71.31,11082990
2021-09-15,71.33,73.62,70.37,73.62,10890140
2021-09-16,73.29,73.41,71.52,72.48,16878500
2021-09-17,72.42,75.63,72.4,74.76,20939330
2021-09-20,72.375,73.14,70.109,71.73,13834880
2021-09-21,72.76,76.37,72.6,76.09,18129600
2021-09-22,74.37,79.64,74.02,78.6,26999240
2021-09-23,78.97,80.1,77.46,79.37,20944590
2021-09-24,78.94,83.34,78.11,83.11,29039000
2021-09-27,82,82.61,79.32,80.08,18493260
2021-09-28,78.54,79.41,73.89,74.42,23531891
2021-09-29,75.3,76.09,71.56,71.76,18633721
2021-09-30,72.92,75.2473,72.24,73.87,17174750
2021-10-01,74.82,75.89,73.44,75.25,11689730
2021-10-04,74.03,74.2,69.97,71.23,18142551
2021-10-05,72.18,73.91,71.79,73.41,11896490
2021-10-06,72.37,74.5,71.32,73.13,10927330
2021-10-07,74.36,77.41,74.1,76.28,15547410
2021-10-08,76.91,77.41,74.74,75,8909211
2021-10-11,74.65,75.5999,73.5,73.53,8990840
2021-10-12,74.12,75.98,73.53,75.26,13691130
2021-10-13,76.15,76.3094,74.3,74.95,9998856
2021-10-14,77.06,77.23,75.725,76.64,12957110
2021-10-15,76.81,78.735,75.87,77.34,20414439
2021-10-18,78.6,79.3,72.61,75.8,33053930
2021-10-19,75.12,78.1799,73.9,76.43,18720650
2021-10-20,76.57,77.52,74.6704,75.65,15739330
2021-10-21,74.81,75.95,73.89,75.11,44450941
2021-10-22,58.75,60.78,55.03,55.14,153827500
2021-10-25,55.96,56.15,53.77,54.5,62506793
2021-10-26,55.24,57.18,54.88,55.39,52905754
2021-10-27,55.05,55.23,51.66,52.02,52581301
2021-10-28,52.68,54.96,51.99,54.39,34748754
2021-10-29,53.97,53.99,52.21,52.58,32465490
2021-11-01,52.99,54.11,52.25,53.98,22666650
2021-11-02,53.57,53.66,51.865,52.2,24120391
2021-11-03,51.95,52.97,51.47,52.94,16319260
2021-11-04,53.08,53.38,51.76,52.26,16371720
2021-11-05,52.15,53.57,52.07,53.17,17458730
2021-11-08,53.36,55.13,52.85,54.9,20154580
2021-11-09,55.295,55.65,54.2,54.82,12489030
2021-11-10,53.91,54.1699,52.02,52.88,14812400
2021-11-11,53.46,54.59,53.2,53.29,13322030
2021-11-12,53.82,54.07,52.82,53.7,12972460
2021-11-15,54.14,57.14,54.12,55.53,22192029
2021-11-16,55.78,55.81,53.665,55.11,20754570
2021-11-17,54.45,55.668,53.86,54.56,15005300
2021-11-18,54.51,54.77,52.55,53.47,13069940
2021-11-19,53.93,53.93,50.76,51.32,18095039
2021-11-22,51.52,51.52,47.46,49.26,34273738
2021-11-23,48.57,51.03,47.86,50.67,21262510
2021-11-24,49,50.27,48.8,49.66,14813860
2021-11-26,48.77,50.25,48.57,49.76,10487270
2021-11-29,51.1,51.12,48.48,48.85,16171010
2021-11-30,48.78,49.4,46.3,47.61,25772949
2021-12-01,49.13,50.98,46.8,47.26,28552840
2021-12-02,47.24,48.29,46.51,47.91,14418110
2021-12-03,47.77,48.67,45.46,46.79,19611010
2021-12-06,46.21,48.325,44.92,47.92,15738490
2021-12-07,49.375,51.68,49.29,50.4,20782631
2021-12-08,50.62,54.835,50.2,53.42,26768000
2021-12-09,52.79,54.89,52.11,52.36,19408131
2021-12-10,52.63,53.31,50.055,50.82,13416880
2021-12-13,50.32,50.44,46.46,48.14,21235131
2021-12-14,47.6,48.315,46.38,46.85,16496650
2021-12-15,46.35,46.67,44.0769,46.41,23804760
2021-12-16,47.41,48.02,44.07,44.7,21512160
2021-12-17,43.64,45.89,42.96,45.29,23105430
2021-12-20,44.22,45.15,43.38,44.42,12921550
2021-12-21,44.89,46.2,43.9,46.1,15203210
2021-12-22,45.985,47.21,45.46,46.77,12055010
2021-12-23,47.35,49.07,45.96,48.68,18546369
2021-12-27,48.45,49.25,48.02,48.64,8163934
2021-12-28,48.5,49.23,47.4301,47.71,8991657
2021-12-29,47.595,47.92,46.56,47.06,7693696
2021-12-30,46.81,48.74,46.81,48.03,10170150
2021-12-31,47.8,48.45,47.01,47.03,8310743
2022-01-03,47.63,47.71,45.99,46.59,7940701
2022-01-04,46.85,46.99,42.46,44.03,26659090
2022-01-05,43.5,44.49,41.01,41.33,22163320
2022-01-06,41.25,42.43,39.82,41.68,17882279
2022-01-07,41.54,43.28,41.05,41.36,15715930
2022-01-10,40.74,41.775,38.51,41.71,20895910
2022-01-11,42.06,43.72,41.78,43.31,17386609
2022-01-12,43.81,44.34,42.06,42.73,12637520
2022-01-13,40.64,41.46,38.26,38.38,32180461
2022-01-14,37.72,38.33,36.56,38.04,25556051
2022-01-18,36.98,36.985,35.62,35.7,37050281
2022-01-19,36.03,36.48,34.76,35.05,23941980
2022-01-20,35.8,37.105,34.915,34.99,21672721
2022-01-21,34,34.62,32,32.12,37648406
2022-01-24,30.16,31.81,28.02,31.8,46611191
2022-01-25,31.01,32.09,30.085,30.66,26893820
2022-01-26,31.38,31.91,28.16,28.63,35467301
2022-01-27,29.63,30.67,28.17,28.3,35331879
2022-01-28,28.63,30.48,28.13,30.42,28380471
2022-01-31,30.65,32.63,30.65,32.54,25872920
2022-02-01,34.13,34.2,32.21,33.66,28108859
2022-02-02,34.15,34.245,31.73,32.07,41654633
2022-02-03,25.74,26.49,24.32,24.5,149336000
2022-02-04,35.27,40.65,34.1,38.91,308602500
2022-02-07,38.51,39.5899,37.52,37.88,96743328
2022-02-08,35.51,37.76,34.87,37.56,85621125
2022-02-09,37.74,40.33,37.11,40.28,67166844
2022-02-10,38.51,41.97,38.505,40.62,65264312
2022-02-11,40.38,41.97,39.07,39.49,42826898
2022-02-14,39.96,41.89,39.5,39.62,37579848
2022-02-15,40.16,41.46,39.94,41.43,26091580
2022-02-16,38.96,40.6,38.96,40.01,35643449
2022-02-17,40.45,40.82,39.17,39.45,24624410
2022-02-18,39.61,40.4,37.94,38.01,23064199
2022-02-22,37.75,38.47,36.37,36.87,25433109
2022-02-23,37.19,38.15,36.16,36.98,24429891
2022-02-24,34.95,39.05,34.95,38.83,26703641
2022-02-25,38.84,39.565,38.1,39.15,19173461
2022-02-28,39.49,40.96,38.84,39.94,23393051
2022-03-01,39.81,41.32,37.46,37.84,28341881
2022-03-02,38.12,38.12,35.75,37.37,30985500
2022-03-03,37.3,37.42,35.01,35.66,23087660
2022-03-04,36.39,36.72,32.89,33.09,22236859
2022-03-07,33.15,33.34,30.19,30.22,32356670
2022-03-08,30.01,32.72,29.58,31.22,28109580
2022-03-09,32,34.23,31.78,33.68,26986369
2022-03-10,32.75,32.76,31.06,31.74,21145730
2022-03-11,32.38,32.41,29.745,30.05,23181900
2022-03-14,29.53,30.14,27.67,28,32917781
2022-03-15,28.85,30.158,28.576,29.58,38242688
2022-03-16,30.86,32.62,30.23,32.56,34041887
2022-03-17,31.17,34.32,30.92,33.97,25439801
2022-03-18,33.21,36.03,33.02,36,28400240
2022-03-21,35.49,35.77,34.2,35.17,19114699
2022-03-22,35.1999,36.9199,34.97,36.24,24395070
2022-03-23,35.69,37.19,35.12,35.88,16911439
2022-03-24,36.21,37.07,35.18,37.05,16601221
2022-03-25,37.05,37.25,34.75,35.4,22761580
2022-03-28,35.21,36.62,34.8601,36.23,15152390
2022-03-29,36.73,38.27,36.33,37.87,18989221
2022-03-30,37.55,38.3,36.5,36.84,16516150
2022-03-31,36.75,36.87,35.765,35.99,15777680
2022-04-01,36.2,38.6,36.2,37.39,25281480
2022-04-04,38.25,39.57,37.37,39.34,25413311
2022-04-05,39.5,39.8,37.82,38.25,22261211
2022-04-06,37.37,37.74,35.6399,36.47,21554039
2022-04-07,36.39,37.3,34.58,36.25,21490369
2022-04-08,35.88,36.83,35.41,35.67,21718400
2022-04-11,34.65,35.75,34.053,34.4,20890420
2022-04-12,34.72,35.95,33.19,33.57,19538490
2022-04-13,33.66,34.92,33.3401,34.68,18160840
2022-04-14,35.35,35.39,33.17,33.19,17741881
2022-04-18,33.19,33.35,31.6,32.64,22468141
2022-04-19,32.37,34.24,32.32,33.63,29558189
2022-04-20,32.93,33.18,30.7,30.76,38448262
2022-04-21,31.365,31.75,28.755,29.42,69311469
2022-04-22,28.67,31.21,28.56,29.76,77506109
2022-04-25,29.28,30.79,28.91,29.91,42647809
2022-04-26,29.52,29.72,28.15,28.69,34701793
2022-04-27,27.97,28.99,26.56,27.09,40794879
2022-04-28,27.91,28.96,26.44,28.81,44665168
2022-04-29,29.07,30.37,28.4,28.46,39033207
2022-05-02,28.26,29.54,28.06,29.52,23474660
2022-05-03,29.41,29.73,28.475,28.93,24795150
2022-05-04,28.85,30.19,27.195,30.16,30175400
2022-05-05,29.65,29.65,26.94,27.27,27858949
2022-05-06,27.11,27.2,24.81,24.92,31983180
2022-05-09,24.98,25.12,23.18,23.39,31604520
2022-05-10,24.01,24.09,22,22.89,36436141
2022-05-11,22.81,23.875,21.7,21.84,35183398
2022-05-12,21.54,23.795,20.95,22.77,37016199
2022-05-13,23.32,24.8,23.2,24.75,35684660
2022-05-16,24.29,24.7,23.34,23.42,25171881
2022-05-17,24.085,24.705,23.33,24.54,28440961
2022-05-18,24.05,24.754,22.645,22.73,29460391
2022-05-19,22.73,23.74,22.28,23.2,30700770
2022-05-20,23.59,24.155,22.295,23.26,29598711
2022-05-23,23.31,23.31,21.7103,22.47,43386340
2022-05-24,14.49,14.57,12.55,12.79,286479906
2022-05-25,12.91,14.57,12.86,14.16,162922297
2022-05-26,13.75,14.94,13.63,14.81,80386359
2022-05-27,14.85,15.635,14.61,15.58,66159070
2022-05-31,15.37,15.42,14.09,14.11,98324766
2022-06-01,14.11,14.71,13.48,13.93,80420414
2022-06-02,13.54,15.12,13.54,14.9,58590953
2022-06-03,14.59,14.87,14.2,14.49,34347367
2022-06-06,14.61,15.4,13.88,15.15,64278219
2022-06-07,14.81,15.48,14.7016,15.28,36646941
2022-06-08,15.4,15.87,15.14,15.17,36326102
2022-06-09,15.26,15.26,14.06,14.1,36966070
2022-06-10,13.83,13.97,13.15,13.28,42462488
2022-06-13,12.84,13.02,11.92,12.02,43722262
2022-06-14,12.08,12.52,11.9,11.91,40211398
2022-06-15,11.98,13.43,11.88,13.2,58398113
2022-06-16,12.65,12.781,12.14,12.22,38525000
2022-06-17,12.32,12.62,12.03,12.42,48608031
2022-06-21,12.47,13.24,12.32,12.85,37130621
2022-06-22,12.63,13.49,12.58,13.08,31299930
2022-06-23,13.16,14,13.03,13.94,32057850
2022-06-24,14.11,14.72,13.98,14.7,37302199
2022-06-27,15.11,15.28,14.38,14.56,29269381
2022-06-28,14.36,14.79,13.7,13.73,24445320
2022-06-29,13.76,13.98,13.355,13.96,25595760
2022-06-30,13.73,13.78,12.83,13.13,32767230
2022-07-01,13.18,13.46,12.8,13.17,23318900
2022-07-05,12.97,14.4,12.6574,14.38,28853189
2022-07-06,14.35,14.61,14.06,14.28,23266270
2022-07-07,14.4,15.115,14.28,15.1,25460939
2022-07-08,14.75,15.3,14.61,14.96,21290730
2022-07-11,14.59,14.84,14,14.06,21539730
2022-07-12,14.24,14.59,13.76,14.04,24850910
2022-07-13,13.74,14.245,13.42,13.83,24333670
2022-07-14,13.79,13.87,13.15,13.17,24256670
2022-07-15,13.5,14.09,13.45,13.65,38346820
2022-07-18,13.87,14.545,13.8,13.92,44254871
2022-07-19,13.97,14.22,13.46,14.15,34902352
2022-07-20,14.52,15.64,14.41,15.51,47768367
2022-07-21,15.54,16.545,15.47,16.35,116754703
2022-07-22,11.1,11.11,9.91,9.96,330993875
2022-07-25,9.73,10.13,9.66,9.95,137819203
2022-07-26,9.78,9.93,9.63,9.63,94591195
2022-07-27,9.71,9.84,9.38,9.55,120729297
2022-07-28,9.55,9.92,9.34,9.67,97531250
2022-07-29,9.67,9.93,9.4701,9.88,74531438
2022-08-01,9.81,9.82,9.5,9.54,50125559
2022-08-02,9.55,10.13,9.51,9.87,66355617
2022-08-03,9.92,10.49,9.92,10.32,61691367
2022-08-04,10.33,10.56,10.1,10.25,48277992
2022-08-05,10.08,10.35,9.98,10.18,37576020
2022-08-08,10.25,10.8,10.17,10.41,49276031
2022-08-09,10.24,10.295,10.02,10.16,33603602
2022-08-10,10.46,10.87,10.4,10.57,50989840
2022-08-11,10.84,11.8,10.82,11.11,67195969
2022-08-12,11.31,11.64,11.13,11.62,40840879
2022-08-15,11.61,12.388,11.56,12.24,63880273
2022-08-16,12.4,12.73,12,12.61,67364867
2022-08-17,12.25,12.32,11.64,12.09,69571328
2022-08-18,12.02,12.78,11.83,12.56,62750434
2022-08-19,12.2,12.255,11.51,11.56,46400992
2022-08-22,11.04,11.3499,10.89,11.01,41173219
2022-08-23,11.025,11.16,10.54,10.6,34913738
2022-08-24,10.68,11.02,10.63,10.86,27794619
2022-08-25,11.03,11.24,10.8,11.21,31252689
2022-08-26,11.23,11.34,10.56,10.67,35219520
2022-08-29,10.485,10.825,10.27,10.27,29417529
2022-08-30,10.43,10.59,9.85,10.01,59438160
2022-08-31,11.25,11.6,10.2,10.88,199520703
2022-09-01,10.94,11.67,10.78,11.64,80012359
2022-09-02,11.75,11.78,11.18,11.22,45734922
2022-09-06,11.27,11.28,10.67,10.77,38114762
2022-09-07,10.82,11.66,10.7,11.46,59443031
2022-09-08,11.32,12.68,11.31,12.53,84685250
2022-09-09,12.45,12.91,12.36,12.65,54653527
2022-09-12,12.69,12.94,12.44,12.65,32375100
2022-09-13,11.95,12.17,11.575,11.77,34931441
2022-09-14,11.66,11.7212,11.2701,11.52,32801199
2022-09-15,11.43,12.25,11.31,11.9,46012539
2022-09-16,11.7,11.7,11.27,11.3,42384871
2022-09-19,11.1301,11.41,10.9013,11.35,32212490
2022-09-20,11.19,11.38,11.01,11.12,25296260
2022-09-21,11.21,11.4883,10.835,10.85,30721600
2022-09-22,10.85,11,10.35,10.46,28336750
2022-09-23,10.32,10.555,10.15,10.32,24400260
2022-09-26,10.3,10.6,10.1,10.18,23510801
2022-09-27,10.36,10.73,10.19,10.45,22067410
2022-09-28,10.42,10.79,10.4,10.76,18536689
2022-09-29,10.54,10.61,10,10.19,22950029
2022-09-30,10.16,10.33,9.805,9.82,29121850
2022-10-03,9.96,10.03,9.42,9.98,27802801
2022-10-04,10.3,10.82,10.25,10.82,34439910
2022-10-05,10.85,11.22,10.57,11.2,28942000
2022-10-06,11.3,11.85,11.27,11.35,31833670
2022-10-07,10.98,11.08,10.505,10.66,22935500
2022-10-10,10.62,10.655,10.325,10.41,19463820
2022-10-11,10.37,10.6,9.83,10.31,32994230
2022-10-12,10.3,10.555,10.01,10.51,31567869
2022-10-13,10.08,10.65,9.63,10.58,40447910
2022-10-14,10.83,11.02,9.97,9.99,27528539
2022-10-17,10.28,10.88,10.27,10.59,40747301
2022-10-18,10.96,11.135,10.54,10.6,38453887
2022-10-19,10.82,11.395,10.66,10.86,52275633
2022-10-20,10.9,11.36,10.6201,10.79,125477797
2022-10-21,7.76,8.15,7.33,7.76,244675906
2022-10-24,7.58,8.57,7.49,8.31,161717500
2022-10-25,8.3,9.8,8.26,9.6,142016406
2022-10-26,9.3,10.04,9.26,9.58,104774000
2022-10-27,9.57,9.85,9.35,9.56,80703961
2022-10-28,9.65,10.1,9.6,10.08,54030301
2022-10-31,10.04,10.325,9.7,9.91,33479352
2022-11-01,10.23,10.65,9.8,10.25,78222289
2022-11-02,10.26,10.3,9.51,9.54,53841398
2022-11-03,9.4,9.54,9.13,9.16,32201609
2022-11-04,9.34,9.43,8.88,9.14,33927039
2022-11-07,9.4,10.02,9.34,10.01,37935980
2022-11-08,10.01,10.3,9.82,10.28,33869953
2022-11-09,10.25,10.25,9.33,9.56,34557801
2022-11-10,10.06,10.83,9.77,10.73,54710910
2022-11-11,10.7,11.82,10.53,11.58,51036871
2022-11-14,11.45,11.65,11.2,11.29,31516891
2022-11-15,11.76,11.96,11.47,11.78,41978090
2022-11-16,11.6,11.775,11,11.07,31818270
2022-11-17,10.75,11.02,10.67,10.92,18704250
2022-11-18,11.06,11.12,10.5,10.52,23502590
2022-11-21,10.41,10.45,9.84,9.96,28990830
2022-11-22,9.97,10,9.7017,9.91,25742779
2022-11-23,9.98,10.48,9.9199,10.32,21053699
2022-11-25,10.14,10.37,10.115,10.18,8242501
2022-11-28,10.08,10.135,9.75,9.84,25209850
2022-11-29,9.89,9.9865,9.73,9.82,15519570
2022-11-30,9.84,10.32,9.65,10.31,45284281
2022-12-01,10.31,11.07,10.27,10.87,46607898
2022-12-02,10.535,10.75,10.32,10.5,32239400
2022-12-05,10.41,10.69,10.04,10.1,19332881
2022-12-06,10.07,10.07,9.15,9.42,43349633
2022-12-07,9.36,9.63,9.2901,9.3,26051650
2022-12-08,9.49,9.74,9.35,9.4,17793990
2022-12-09,9.16,9.6175,9.01,9.45,19248311
2022-12-12,9.47,9.69,9.26,9.46,25264859
2022-12-13,9.94,10.19,9.4,9.41,51001969
2022-12-14,9.44,9.915,9.33,9.54,30008670
2022-12-15,9.16,9.2,8.58,8.76,49291680
2022-12-16,8.79,9.01,8.36,8.47,32739510
2022-12-19,8.4,8.45,8.13,8.19,20680500
2022-12-20,8.09,8.51,8.05,8.21,19249949
2022-12-21,8.26,8.69,8.14,8.64,24570721
2022-12-22,8.45,8.7,8.22,8.68,29281961
2022-12-23,8.67,8.76,8.505,8.58,16985971
2022-12-27,8.4,8.69,8.265,8.56,26829301
2022-12-28,8.44,8.7089,8.39,8.55,18172721
2022-12-29,8.635,8.96,8.53,8.81,30669920
2022-12-30,8.57,8.95,8.521,8.95,16248840
2023-01-03,9.15,9.28,8.69,8.85,15548380
2023-01-04,9.15,9.31,9,9.3,26092699
2023-01-05,9.15,9.37,8.92,9.14,21044000
2023-01-06,9.22,9.445,8.9,9.22,24456910
2023-01-09,9.39,9.52,9.2,9.2,16666170
2023-01-10,9.12,9.4381,9.09,9.42,18594051
2023-01-11,9.46,9.75,9.3,9.66,24151820
2023-01-12,9.75,9.91,9.355,9.64,21738609
2023-01-13,9.5,9.815,9.4,9.8,16051040
2023-01-17,9.73,9.8,9.3,9.67,29736170
2023-01-18,9.77,9.85,9.25,9.41,23576539
2023-01-19,9.33,9.75,9.3053,9.62,23414570
2023-01-20,9.69,10,9.475,9.99,23493420
2023-01-23,9.96,10.37,9.795,10.2,21301010
2023-01-24,10.17,10.47,10.02,10.26,21399109
2023-01-25,10,10.07,9.51,9.67,43033281
2023-01-26,9.99,10.34,9.89,10.19,29750600
2023-01-27,10.2,11.01,10.1,10.91,52512152
2023-01-30,10.8,11.16,10.69,11.09,41466406
2023-01-31,11.26,11.57,11.18,11.56,73903211
2023-02-01,10.07,10.47,9.85,10.37,118212398
2023-02-02,10.8,11.68,10.62,11.4,81750234
2023-02-03,10.87,11.61,10.78,11,44759898
2023-02-06,10.91,12.17,10.87,12.07,64353020
2023-02-07,12.21,12.44,11.82,12.21,53492273
2023-02-08,12.17,12.29,11.55,11.56,33392461
2023-02-09,11.8,11.83,10.89,10.98,34700512
2023-02-10,10.8,10.9386,10.48,10.65,25603779
2023-02-13,10.8,11.15,10.63,10.71,25883270
2023-02-14,10.64,11.1,10.54,10.85,29261650
2023-02-15,10.85,11.28,10.82,11.26,23132779
2023-02-16,10.94,11.39,10.69,10.73,50141461
2023-02-17,10.58,10.6799,10.17,10.36,35737480
2023-02-21,10.14,10.2579,9.79,9.81,28713250
2023-02-22,9.86,9.99,9.75,9.9,17750230
2023-02-23,10.05,10.24,9.8811,10.1,23914789
2023-02-24,9.85,9.94,9.68,9.81,20102150
2023-02-27,10.08,10.25,9.82,9.88,26116529
2023-02-28,9.97,10.25,9.93,10.15,32572910
2023-03-01,10.15,10.33,10.0293,10.14,22501930
2023-03-02,9.9,10.14,9.8805,10.1,17610119
2023-03-03,10.19,10.7,10.17,10.65,24543010
2023-03-06,10.87,12.175,10.83,11.66,81523969
2023-03-07,11.71,12.67,11.69,11.72,67925805
2023-03-08,11.28,11.49,10.98,11.05,36499488
2023-03-09,11.08,11.35,10.58,10.66,25967080
2023-03-10,10.65,10.7,10.22,10.34,23700971
2023-03-13,10.19,10.51,9.95,10.23,27246631
2023-03-14,10.55,10.7,10.19,10.37,26552900
2023-03-15,10.13,10.37,9.86,10.34,22619529
2023-03-16,10.75,11.18,10.38,11.09,52589461
2023-03-17,10.87,10.95,10.4,10.7,34496168
2023-03-20,10.75,10.9193,10.47,10.66,17665609
2023-03-21,10.75,11.47,10.73,11.38,23426520
2023-03-22,11.35,11.7,11.02,11.05,21179590
2023-03-23,11.56,12.11,11.16,11.39,39608910
2023-03-24,11.45,11.735,11.32,11.56,19236660
2023-03-27,11.65,12.09,11.5601,11.74,25453289
2023-03-28,11.61,11.7,10.88,11.06,31806330
2023-03-29,11.18,11.19,10.64,10.78,38808230
2023-03-30,10.85,11,10.67,10.91,22164170
2023-03-31,10.92,11.26,10.805,11.21,22284211
2023-04-03,11.07,11.305,10.98,11.24,15085380
2023-04-04,11.34,11.47,10.8803,11,18604090
2023-04-05,10.85,10.9,10.33,10.39,21294510
2023-04-06,10.35,10.69,10.23,10.56,16512789
2023-04-10,10.36,10.42,10.16,10.36,18457471
2023-04-11,10.4,10.73,10.39,10.56,19691789
2023-04-12,10.69,10.78,10.36,10.62,21840301
2023-04-13,10.79,11.02,10.71,10.74,18569680
2023-04-14,10.67,10.95,10.55,10.69,19894850
2023-04-17,10.6,10.88,10.57,10.88,20609359
2023-04-18,11.15,11.34,11.01,11.04,26453051
2023-04-19,10.85,11.4,10.85,10.98,28011600
2023-04-20,10.8,10.875,10.12,10.14,34102820
2023-04-21,10.2,10.34,9.98,10.01,26418570
2023-04-24,10.02,10.2662,9.92,10.22,15394570
2023-04-25,10.19,10.33,10.125,10.16,18736750
2023-04-26,10.4,10.4,9.81,9.88,37987633
2023-04-27,10.14,10.7,9.87,10.5,107216602
2023-04-28,8.62,8.71,8.41,8.71,95969875
2023-05-01,8.78,8.93,8.53,8.73,42409910
2023-05-02,8.58,8.67,8.27,8.31,41246422
2023-05-03,8.28,8.35,8.02,8.07,40353930
2023-05-04,8.04,8.09,7.86,7.91,29079580
2023-05-05,8.03,8.31,7.9,8.23,30314789
2023-05-08,8.31,8.495,8.19,8.42,21828090
2023-05-09,8.26,8.36,8.15,8.27,21062740
2023-05-10,8.49,8.73,8.4204,8.7,38351352
2023-05-11,8.67,8.8,8.56,8.75,19587010
2023-05-12,8.75,8.81,8.45,8.55,17644850
2023-05-15,8.49,8.74,8.435,8.7,16590350
2023-05-16,8.59,8.69,8.395,8.61,20332750
2023-05-17,8.73,9.39,8.7,9.37,37859039
2023-05-18,9.21,9.75,9.2,9.69,32407430
2023-05-19,9.58,9.73,9.48,9.72,19546381
2023-05-22,9.73,9.97,9.665,9.76,17640570
2023-05-23,9.68,9.92,9.62,9.8,14442500
2023-05-24,9.68,9.93,9.61,9.8,13300460
2023-05-25,9.92,10.0693,9.77,9.78,18990990
2023-05-26,9.87,10.4,9.84,10.28,20385420
2023-05-30,10.39,10.54,10.13,10.22,20578320
2023-05-31,10.05,10.23,9.83,10.2,30412369
2023-06-01,10.06,10.46,10.01,10.33,16856539
2023-06-02,10.47,10.585,10.29,10.41,20859539
2023-06-05,10.32,10.7,10.3,10.51,16062110
2023-06-06,10.43,10.63,10.34,10.51,16523189
2023-06-07,10.56,10.64,10.09,10.19,18951930
2023-06-08,10.19,10.21,10.02,10.04,16868279
2023-06-09,10.15,10.58,10.02,10.09,26631561
2023-06-12,10.21,10.24,10.02,10.23,18653160
2023-06-13,10.39,10.43,10.14,10.32,17588570
2023-06-14,10.3,10.3884,10.07,10.25,17098930
2023-06-15,9.98,10.69,9.96,10.66,30121510
2023-06-16,10.76,10.835,10.42,10.68,28859539
2023-06-20,10.58,10.76,10.38,10.58,21910109
2023-06-21,10.55,10.62,10.145,10.23,21488119
2023-06-22,10.17,10.64,10.16,10.64,20672650
2023-06-23,10.4,11.15,10.386,10.82,27763590
2023-06-26,10.73,11.4,10.7,11.21,34008180
2023-06-27,11.36,11.62,11.12,11.48,31107061
2023-06-28,11.56,11.7,11.415,11.65,27255000
2023-06-29,11.95,12.04,11.58,11.68,23006689
2023-06-30,11.78,12.1,11.75,11.84,23685471
2023-07-03,11.9,12.02,11.84,12.02,8881951
2023-07-05,11.91,12.35,11.88,12.12,20616580
2023-07-06,11.97,12.14,11.76,11.91,22906820
2023-07-07,11.91,12.05,11.64,11.68,24289381
2023-07-10,11.77,11.98,11.655,11.78,20146439
2023-07-11,11.94,13.08,11.91,12.74,43989801
2023-07-12,13.06,13.62,12.945,13.37,40584312
2023-07-13,13.58,13.89,13.5,13.51,40065246
2023-07-14,13.49,13.63,13,13.15,27022939
2023-07-17,13.14,13.64,12.97,13.47,28982270
2023-07-18,13.49,13.51,12.87,13.37,33108109
2023-07-19,13.43,13.53,13.08,13.11,28630859
2023-07-20,12.94,13.265,12.83,12.93,20442840
2023-07-21,13.06,13.06,12.675,12.74,21404270
2023-07-24,12.86,12.93,12.545,12.68,23715490
2023-07-25,12.52,12.67,12.35,12.51,68993664
2023-07-26,10.36,10.73,9.99,10.73,137880000
2023-07-27,10.9,10.915,10.1807,10.33,65311801
2023-07-28,10.3,10.75,10.29,10.68,49135039
2023-07-31,10.66,11.38,10.66,11.36,37947832
2023-08-01,11.26,11.33,11.04,11.28,19675340
2023-08-02,10.99,11.22,10.88,10.97,31209439
2023-08-03,10.9,11,10.69,10.79,23740420
2023-08-04,10.93,11.06,10.72,10.75,19986850
2023-08-07,10.76,10.795,10.5,10.57,16688221
2023-08-08,10.41,10.595,10.185,10.54,22353020
2023-08-09,10.54,10.58,10.39,10.44,14402030
2023-08-10,10.6,10.7,10.21,10.22,15646230
2023-08-11,10.1,10.23,10.02,10.03,16037000
2023-08-14,9.99,9.99,9.81,9.94,23922109
2023-08-15,9.86,9.9,9.5,9.56,21223080
2023-08-16,9.51,9.59,9.15,9.16,30289449
2023-08-17,9.17,9.28,9.03,9.04,20527939
2023-08-18,8.91,9.185,8.86,9.18,14782280
2023-08-21,9.24,9.39,9.14,9.36,13634030
2023-08-22,9.41,9.47,9.19,9.25,14963600
2023-08-23,9.19,9.33,9.19,9.24,10358940
2023-08-24,9.38,9.46,9.0603,9.37,20443891
2023-08-25,9.39,9.41,9,9.25,19434881
2023-08-28,9.34,9.55,9.325,9.45,11979110
2023-08-29,9.48,9.9,9.425,9.89,18276490
2023-08-30,9.82,10.17,9.75,10.12,30608910
2023-08-31,10.13,10.44,10.13,10.35,20863631
2023-09-01,10.41,10.54,10.31,10.44,17971270
2023-09-05,10.27,10.6,10.23,10.46,20595150
2023-09-06,10.27,10.29,9.57,9.63,40061449
2023-09-07,9.45,9.82,9.415,9.72,17158279
2023-09-08,9.68,9.74,9.39,9.39,21044830
2023-09-11,9.48,9.635,9.43,9.44,16848029
2023-09-12,9.36,9.63,9.36,9.58,13528620
2023-09-13,9.49,9.5375,9.28,9.29,12832450
2023-09-14,9.365,9.4,9.15,9.16,12847590
2023-09-15,9.19,9.245,9.04,9.16,16283750
2023-09-18,9.08,9.1,8.81,8.89,20619750
2023-09-19,8.82,9.005,8.62,9,20107920
2023-09-20,9.06,9.3785,8.95,9.03,24692100
2023-09-21,8.86,8.975,8.61,8.63,21616330
2023-09-22,8.72,8.885,8.67,8.69,11432550
2023-09-25,8.6,8.71,8.55,8.6,10074730
2023-09-26,8.43,8.49,8.28,8.34,25839900
2023-09-27,8.39,8.61,8.37,8.49,14303940
2023-09-28,8.42,8.655,8.34,8.56,16715359
2023-09-29,8.74,8.93,8.67,8.91,21165590
2023-10-02,8.87,8.915,8.56,8.74,15763220
2023-10-03,8.58,8.7675,8.47,8.54,17300051
2023-10-04,8.56,8.72,8.5,8.69,16226470
2023-10-05,8.66,8.84,8.55,8.74,11503370
2023-10-06,8.57,8.64,8.395,8.63,22566859
2023-10-09,8.54,8.68,8.5,8.61,13059800
2023-10-10,8.7,9.11,8.66,8.82,22342580
2023-10-11,8.85,9.13,8.82,9.11,18773811
2023-10-12,9.06,9.33,9.01,9.11,29718221
2023-10-13,9.1,9.14,8.67,8.68,27922230
2023-10-16,9.02,9.75,8.96,9.72,56297832
2023-10-17,9.56,9.77,9.54,9.69,24836029
2023-10-18,9.6,9.76,9.51,9.6,19250449
2023-10-19,9.55,9.87,9.46,9.65,21177199
2023-10-20,9.6,9.67,9.31,9.44,29382641
2023-10-23,9.35,9.88,9.3,9.49,37569207
2023-10-24,9.63,9.98,9.58,9.71,71921438
2023-10-25,10.37,10.87,9.1,9.19,94403234
2023-10-26,9.11,9.52,8.91,9.3,42454191
2023-10-27,9.33,9.55,9.18,9.3,24606551
2023-10-30,9.34,9.81,9.29,9.7,25083930
2023-10-31,9.79,10.055,9.6,10.01,28796699
2023-11-01,9.95,10.0799,9.81,9.99,19548141
2023-11-02,10.14,10.59,10.1,10.43,30659330
2023-11-03,10.52,10.915,10.52,10.72,22876561
2023-11-06,10.74,10.87,10.62,10.73,18754930
2023-11-07,10.72,11.02,10.68,10.96,15836860
2023-11-08,11.04,11.25,10.8603,11.23,21448619
2023-11-09,11.22,11.73,11.18,11.24,26971490
2023-11-10,10.95,11.37,10.92,11.32,19159971
2023-11-13,11.33,11.435,11.15,11.3,12118750
2023-11-14,12.05,12.425,12.04,12.15,38147379
2023-11-15,12.12,12.32,11.94,12.2,21312721
2023-11-16,12.13,12.34,11.8,12.07,22969641
2023-11-17,11.91,11.995,11.5,11.89,22116400
2023-11-20,11.88,12.3,11.87,12.15,14560750
2023-11-21,11.98,12.15,11.89,12.06,10266430
2023-11-22,12.17,12.32,12.03,12.31,10119850
2023-11-24,12.24,12.56,12.24,12.52,10797730
2023-11-27,12.41,12.8,12.41,12.68,16203020
2023-11-28,12.605,12.87,12.58,12.84,14907000
2023-11-29,12.94,13.085,12.82,12.98,15299960
2023-11-30,13.49,14.23,13.485,13.83,51167398
2023-12-01,13.75,14.24,13.615,14.14,23416250
2023-12-04,14.06,14.38,13.965,14.3,21274369
2023-12-05,14.16,14.66,14.1101,14.6,18141109
2023-12-06,14.83,15.36,14.77,14.77,27154520
2023-12-07,14.74,14.85,14.54,14.76,15148790
2023-12-08,14.7,15.305,14.68,15.09,20718270
2023-12-11,15.82,15.95,15.52,15.75,32187070
2023-12-12,15.63,16.06,15.445,15.85,27396350
2023-12-13,16,16.54,15.84,16.45,26639279
2023-12-14,16.67,17.23,16.57,16.94,39763754
2023-12-15,17.04,17.22,16.53,16.92,35572633
2023-12-18,17.44,17.9,16.8,17.02,49763566
2023-12-19,16.54,17.255,16.17,17.18,52580594
2023-12-20,16.98,17.3,16.59,16.6,28279680
2023-12-21,16.94,17.29,16.7,17.23,34281566
2023-12-22,17.2,17.32,16.89,17.05,21576680
2023-12-26,17.06,17.1,16.68,16.78,13944250
2023-12-27,16.73,16.99,16.68,16.95,15975370
2023-12-28,16.92,17.2,16.82,17.05,13845160
2023-12-29,17.03,17.21,16.83,16.93,16693461
2024-01-02,16.52,16.555,15.93,16.14,29687039
2024-01-03,15.52,16.04,15.27,15.78,28496090
2024-01-04,15.75,16.28,15.685,16.2,15922940
2024-01-05,16.12,16.6775,16.102,16.55,21581020
2024-01-08,16.67,17.33,16.46,17.31,20267490
2024-01-09,17.38,17.75,16.97,17.05,35649031
2024-01-10,17.18,17.45,16.82,17.37,19372641
2024-01-11,17.3,17.62,16.81,17.09,22803641
2024-01-12,17,17.01,16.3707,16.43,19056420
2024-01-16,16.21,16.21,15.43,15.54,35778121
2024-01-17,15.53,15.59,15.18,15.5,20971520
2024-01-18,15.63,16.2692,15.5,16.21,21257561
2024-01-19,16.4,16.57,16.17,16.42,15300280
2024-01-22,16.59,17.14,16.445,16.61,19540619
2024-01-23,16.64,16.64,16.17,16.33,17034480
2024-01-24,16.67,16.72,16.22,16.32,17403939
2024-01-25,16.47,16.51,16.205,16.29,14223020
2024-01-26,16.98,16.99,16.24,16.25,27636350
2024-01-29,16.3,16.9,16.095,16.89,18698260
2024-01-30,16.7,16.845,16.33,16.47,36009367
2024-01-31,16.03,16.6,15.82,15.89,14822080
2024-02-01,16.09,16.11,15.77,15.87,16179130
2024-02-02,16.675,17.11,16.11,17.05,35712566
2024-02-05,17.2,17.495,16.3,16.75,37737680
2024-02-06,16.78,17.5,16.77,17.45,92636383
2024-02-07,12.03,12.39,11.0812,11.41,185977594
2024-02-08,11.29,11.5,10.82,11.1,87847266
2024-02-09,11.26,11.28,10.93,11.11,54218121
2024-02-12,11.28,12.08,11.2,11.64,65823297
2024-02-13,11.24,11.62,11.015,11.14,40428113
2024-02-14,11.34,11.45,11.18,11.4,24167930
2024-02-15,11.42,11.8,11.38,11.6,24335850
2024-02-16,11.34,11.44,10.99,11.17,43404152
2024-02-20,11,11.14,10.87,10.95,37406102
2024-02-21,10.83,10.96,10.69,10.74,25625980
2024-02-22,10.85,11.04,10.72,10.73,46990039
2024-02-23,10.75,10.89,10.49,10.8,22975439
2024-02-26,10.66,10.87,10.575,10.72,19388199
2024-02-27,10.8,11.05,10.75,10.9,18059770
2024-02-28,10.75,11.14,10.75,11,17656010
2024-02-29,11.05,11.196,10.94,11.02,19719296
2024-03-01,11.05,11.28,11,11.25,20749826
2024-03-04,11.26,11.27,10.7,11.03,21544939
2024-03-05,10.85,11.65,10.75,11.43,42821199
2024-03-06,11.6,11.63,11.105,11.16,27088260
2024-03-07,11.45,12.02,11.45,11.85,45365262
2024-03-08,12,12.645,11.99,12.39,43593461
2024-03-11,12.25,12.26,11.8,11.87,23993619
2024-03-12,11.95,12.13,11.7,11.77,17197061
2024-03-13,11.71,12.35,11.69,11.9,29908930
2024-03-14,11.86,11.89,11.34,11.39,21971801
2024-03-15,11.44,11.572,11.09,11.19,26649900
2024-03-18,11.24,11.33,10.93,11.06,28446180
2024-03-19,10.96,11.17,10.78,11.05,25976830
2024-03-20,11.03,11.38,10.97,11.2,28666789
2024-03-21,11.26,11.51,11.13,11.16,22605061
2024-03-22,11.15,11.43,11.063,11.4,25195770
2024-03-25,11.38,11.52,11.24,11.26,20246939
2024-03-26,11.4,11.7475,11.31,11.31,20825689
2024-03-27,11.38,11.465,11.24,11.45,13357970
2024-03-28,11.4,11.68,11.35,11.48,15281010
2024-04-01,11.48,11.61,11.2,11.25,13156640
2024-04-02,11,11.14,10.7215,11.08,14452650
2024-04-03,10.99,11.27,10.975,11.15,10552520
2024-04-04,11.22,11.38,10.98,11.02,15077810
2024-04-05,10.9,11.15,10.89,11,14656720
2024-04-08,11.06,11.36,11.02,11.11,14688940
2024-04-09,11.11,11.29,11.1,11.23,12714140
2024-04-10,11.02,11.19,10.86,10.88,20732539
2024-04-11,11.01,11.415,10.85,11.36,24554900
2024-04-12,11.18,11.23,10.83,10.85,22041051
2024-04-15,10.86,10.87,10.27,10.34,24598619
2024-04-16,10.28,10.43,10.0825,10.41,24221439
2024-04-17,10.49,11.45,10.4316,10.9,54242152
2024-04-18,11.17,11.78,11.07,11.63,55108230
2024-04-19,11.65,11.88,11.115,11.16,30405551
2024-04-22,11.53,11.75,10.875,11.14,24949750
2024-04-23,11.29,11.685,11.14,11.39,26017910
2024-04-24,11.325,11.48,10.96,11.08,32755891
2024-04-25,10.63,11.545,10.54,11.4,75962227
2024-04-26,14.48,14.94,13.78,14.55,159811906
2024-04-29,14.35,14.87,14.03,14.49,54071594
2024-04-30,14.48,15.36,14.3807,15.05,56020020
2024-05-01,15.1,16.1988,14.93,15.86,46923031
2024-05-02,16.02,16.31,15.71,16.3,28833551
2024-05-03,16.53,16.53,16.04,16.25,23896830
2024-05-06,16.39,16.97,16.09,16.84,32504080
2024-05-07,16.78,17.29,16.735,17.14,24966211
2024-05-08,16.39,16.98,16.33,16.74,31749039
2024-05-09,16.71,16.76,16.115,16.55,36751754
2024-05-10,16.58,16.6,15.84,16.01,26519471
2024-05-13,15.98,16.08,15.66,15.76,28884250
2024-05-14,15.71,15.89,15.38,15.62,29917471
2024-05-15,15.975,16.275,15.53,16.21,27499590
2024-05-16,16.03,16.175,15.75,16.02,21863051
2024-05-17,16.01,16.255,15.93,16.05,12200020
2024-05-20,16.17,16.65,16.17,16.43,22173590
2024-05-21,16.25,16.252,15.52,15.63,19987381
2024-05-22,15.66,15.92,15.5512,15.91,12894450
2024-05-23,15.96,15.97,15.12,15.18,16728680
2024-05-24,15.33,15.4897,15.15,15.22,9988932
2024-05-28,15.25,15.48,15.1738,15.32,13320760
2024-05-29,15.03,15.405,14.92,15.16,13769730
2024-05-30,15.15,15.39,14.81,15.17,14760930
2024-05-31,15.32,15.34,14.9,15.02,20044020
2024-06-03,15.37,15.44,15.11,15.32,18039000
2024-06-04,15.15,15.32,14.79,14.89,16105050
2024-06-05,15.125,15.38,15.075,15.2,21285670
2024-06-06,15.1,15.4,14.94,15.2,14519180
2024-06-07,15.2,15.61,14.95,15.59,27041471
2024-06-10,15.39,15.575,15.05,15.19,19258330
2024-06-11,15.13,15.6,15.0002,15.6,20771949
2024-06-12,15.8,16.173,15.7,15.87,16021620
2024-06-13,15.85,15.95,15.46,15.61,14274590
2024-06-14,15.51,15.69,15.33,15.59,8575941
2024-06-17,15.49,16.05,15.22,15.84,21176090
2024-06-18,15.7,16.04,15.49,15.8,16584119
2024-06-20,15.76,15.82,15.17,15.39,17256561
2024-06-21,15.38,15.595,15.25,15.51,27673881
2024-06-24,15.51,15.79,15.46,15.67,21115189
2024-06-25,15.92,16.77,15.68,16.71,24567180
2024-06-26,16.46,16.85,16.31,16.77,12905880
2024-06-27,16.88,17.03,16.56,16.57,12048440
2024-06-28,16.5,16.76,16.33,16.61,19872004
2024-07-01,16.43,16.53,15.63,16.02,17432471
2024-07-02,16.06,16.36,15.7,16.26,11636800
2024-07-03,16.25,16.4,15.57,15.75,11493240
2024-07-05,15.72,16.42,15.57,16.38,14257120
2024-07-08,16.44,16.5584,16.06,16.5,11438930
2024-07-09,16.5,16.87,16.45,16.75,12049770
2024-07-10,16.78,17.32,16.55,16.84,24202961
2024-07-11,16.88,17.33,16.11,16.37,23400900
2024-07-12,16.18,16.38,15.66,16.18,14584700
2024-07-15,16.42,16.515,15.985,16.21,12002020
2024-07-16,16.36,16.47,15.68,16.14,21440869
2024-07-17,15.74,15.75,14.35,14.57,36770406
2024-07-18,14.76,14.9079,14.34,14.57,14723730
2024-07-19,14.51,14.7399,14.36,14.4,12221200
2024-07-22,14.59,14.91,14.56,14.78,10957530
2024-07-23,15.16,15.35,14.31,14.33,22477920
2024-07-24,13.99,13.99,13.49,13.58,19952180
2024-07-25,13.57,13.78,13.08,13.45,18876311
2024-07-26,13.65,13.72,13.245,13.33,18301721
2024-07-29,13.5,13.55,13.2,13.35,17491461
2024-07-30,13.31,13.34,12.83,13.09,29735840
2024-07-31,13.15,13.6,13.055,13.32,27560980
2024-08-01,13.81,13.95,12.71,12.81,62367527
2024-08-02,10.13,10.42,9.3,9.36,124970602
2024-08-05,8.51,8.97,8.3,8.71,52149367
2024-08-06,9,9.01,8.52,8.64,47097406
2024-08-07,8.74,9.05,8.29,8.29,37159121
2024-08-08,8.43,9.01,8.35,8.94,30984570
2024-08-09,8.92,9.11,8.83,9.05,26475850
2024-08-12,9.06,9.24,8.95,9.02,15243060
2024-08-13,9.08,9.54,9.08,9.23,21013840
2024-08-14,9.36,9.4,8.935,9.03,22886010
2024-08-15,9.18,9.43,9.14,9.3,20618180
2024-08-16,9.19,9.285,9.03,9.23,28183359
2024-08-19,9.28,9.52,9.25,9.5,17486090
2024-08-20,9.44,9.61,9.36,9.47,16353360
2024-08-21,9.52,9.54,9.35,9.48,17946340
2024-08-22,9.48,9.52,9.19,9.25,19806650
2024-08-23,9.35,9.49,9.325,9.43,17785939
2024-08-26,9.4,9.62,9.384,9.42,21843391
2024-08-27,9.28,9.57,9.28,9.5,17453869
2024-08-28,9.38,9.44,9.13,9.18,17945090
2024-08-29,9.29,9.44,9.16,9.22,19312619
2024-08-30,9.34,9.42,9.18,9.34,17230551
2024-09-03,9.22,9.25,8.81,8.86,20678000
2024-09-04,8.81,9.02,8.78,8.79,18958600
2024-09-05,8.77,8.98,8.72,8.87,15422890
2024-09-06,8.89,8.925,8.46,8.62,24928801
2024-09-09,8.69,8.76,8.42,8.53,26137721
2024-09-10,8.55,8.67,8.32,8.64,22445461
2024-09-11,8.68,9,8.68,9,27103250
2024-09-12,9,9.44,9,9.32,23150250
2024-09-13,9.49,9.79,9.47,9.52,30647689
2024-09-16,9.35,9.825,9.04,9.64,39019699
2024-09-17,9.8,9.96,9.385,9.42,28486650
2024-09-18,9.44,9.875,9.4001,9.67,32524789
2024-09-19,9.99,10.34,9.8101,10.07,37009848
2024-09-20,10.02,10.15,9.92,10.05,33630754
2024-09-23,10.16,10.28,9.94,10.2,35568359
2024-09-24,10.4,10.67,10.2201,10.57,35147047
2024-09-25,10.59,10.8,10.55,10.59,31316680
2024-09-26,10.88,10.93,10.5,10.56,24807070
2024-09-27,10.8,11.07,10.745,10.87,25500920
2024-09-30,10.81,10.99,10.6801,10.7,22567090
2024-10-01,10.78,10.91,10.4,10.42,19195680
2024-10-02,10.32,10.91,10.3,10.88,22138289
2024-10-03,10.63,10.9499,10.6011,10.74,15138770
2024-10-04,10.94,10.98,10.615,10.8,15521330
2024-10-07,10.79,10.89,10.42,10.48,18028240
2024-10-08,10.46,10.71,10.385,10.67,14134440
2024-10-09,10.69,10.79,10.61,10.68,11064590
2024-10-10,10.54,10.82,10.52,10.66,14692160
2024-10-11,10.55,11.19,10.55,11.13,17306010
2024-10-14,11.02,11.2,10.86,11.05,21296660
2024-10-15,11.05,11.205,10.855,11.04,16307460
2024-10-16,11.05,11.1,10.67,10.76,24720650
2024-10-17,10.595,10.69,10.26,10.46,28907750
2024-10-18,10.56,10.645,10.42,10.49,15179630
2024-10-21,10.45,10.56,10.285,10.33,17264930
2024-10-22,10.16,10.255,9.94,9.98,28940039
2024-10-23,10.21,10.48,10.06,10.15,32444260
2024-10-24,10.2,10.33,10.12,10.27,17213109
2024-10-25,10.33,10.54,10.29,10.45,18672510
2024-10-28,10.63,10.835,10.54,10.71,25316260
2024-10-29,10.75,10.93,10.54,10.89,59701121
2024-10-30,11.53,12.83,11.41,12.62,102519297
2024-10-31,12.57,12.73,12.08,12.16,76348281
2024-11-01,12.25,12.93,11.97,12.53,49753793
2024-11-04,12.36,12.47,12.06,12.12,29713381
2024-11-05,12.21,12.33,11.97,12.19,21860961
2024-11-06,12.16,12.36,11.395,11.81,36562859
2024-11-07,11.89,12.59,11.87,12.48,30530279
2024-11-08,12.41,12.45,11.87,12.01,39240039
2024-11-11,12.1,12.26,11.93,11.96,31883090
2024-11-12,11.8,11.905,11.23,11.26,38973879
2024-11-13,11.28,11.385,11.07,11.11,20588859
2024-11-14,11.11,11.18,10.7,10.76,32508971
2024-11-15,10.71,10.71,10.49,10.6,20919150
2024-11-18,10.6,10.69,10.46,10.55,34615887
2024-11-19,10.425,10.6201,10.4224,10.51,21393039
2024-11-20,10.54,11,10.463,10.59,17642020
2024-11-21,10.56,10.695,10.4,10.63,21430699
2024-11-22,10.52,11.47,10.5,11.42,39166023
2024-11-25,11.55,12.14,11.53,11.6,29295359
2024-11-26,11.55,11.63,11.3,11.6,27809590
2024-11-27,11.68,11.79,11.35,11.61,14145990
2024-11-29,11.7,12.015,11.67,11.81,8966716
2024-12-02,11.78,12.18,11.59,12.11,28007721
2024-12-03,12.09,13.05,11.9611,12.86,37632848
2024-12-04,12.93,12.93,12.58,12.62,15865270
2024-12-05,12.58,12.59,11.715,12.17,49109609
2024-12-06,12.37,13.02,12.22,12.44,58197711
2024-12-09,12.5,12.625,12.2,12.5,32176109
2024-12-10,12.5,12.57,11.985,12.41,33103180
2024-12-11,12.42,12.74,11.99,12,21679949
2024-12-12,11.94,11.96,11.37,11.38,23124359
2024-12-13,11.41,11.5491,11.08,11.31,17823789
2024-12-16,11.36,11.57,11.21,11.34,22364221
2024-12-17,11.34,11.4256,11.115,11.18,19717449
2024-12-18,11.155,12.155,10.855,11.22,49598160
2024-12-19,11.34,11.57,11.14,11.3,26885269
2024-12-20,11.01,11.63,10.95,11.4,38555441
2024-12-23,11.525,11.59,11,11.26,37248301
2024-12-24,11.27,11.28,11.12,11.18,7892415
2024-12-26,11.11,11.38,11.07,11.2,12902218
2024-12-27,11.16,11.18,10.77,10.99,22670510
2024-12-30,10.72,10.995,10.565,10.86,28393840
2024-12-31,10.86,11,10.75,10.77,14617090
2025-01-02,11,11.38,10.7803,11.24,16400461
2025-01-03,11.46,12.08,11.45,11.97,25565629
2025-01-06,12.1,12.59,11.98,12.57,26193580
2025-01-07,12.65,12.87,12.305,12.55,27577631
2025-01-08,12.3,12.59,11.93,12.04,25644811
2025-01-10,11.99,13.2805,11.88,12.47,54521160
2025-01-13,12.24,12.45,11.94,12.15,21092891
2025-01-14,11.78,11.81,11.285,11.34,38181539
2025-01-15,11.68,12.35,11.62,11.84,35534672
2025-01-16,11.38,11.65,11.17,11.22,37764031
2025-01-17,11.36,11.6,10.8,10.86,48260559
2025-01-21,10.92,10.975,10.54,10.56,34096711
2025-01-22,10.68,10.76,10.45,10.46,24284070
2025-01-23,10.41,10.67,10.4,10.58,19161850
2025-01-24,10.65,10.9,10.65,10.89,19712189
2025-01-27,10.59,11.19,10.585,10.85,23584430
2025-01-28,10.88,11.2,10.765,11.19,21291539
2025-01-29,11.25,11.77,11.19,11.63,27625270
2025-01-30,11.64,11.665,11.14,11.35,19930551
2025-01-31,11.43,11.73,11.26,11.29,23140850
2025-02-03,11,11.3,10.955,11.17,56262566
2025-02-04,11.19,11.71,11.185,11.6,65699086
2025-02-05,11.535,11.57,10.59,10.63,91226359
2025-02-06,10.49,10.7899,10.35,10.69,40553422
2025-02-07,10.72,11.05,10.6,10.92,31624250
2025-02-10,10.805,11.09,10.675,10.71,30217279
2025-02-11,10.44,10.92,10.35,10.87,24892971
2025-02-12,10.67,10.92,10.67,10.73,20670711
2025-02-13,10.76,11.26,10.7567,11.25,29098971
2025-02-14,11.12,11.2,10.83,10.85,19265660
2025-02-18,10.88,11.045,10.715,11.04,23782029
2025-02-19,10.92,10.97,10.72,10.78,18582730
2025-02-20,10.78,10.83,10.5715,10.68,16000280
2025-02-21,10.7,10.8,10.33,10.34,17290510
2025-02-24,10.39,10.55,10.1,10.42,17995859
2025-02-25,10.35,10.52,10.1,10.4,19790500
2025-02-26,10.48,10.585,10.1,10.16,23990980
2025-02-27,10.2,10.305,9.93,9.99,18277930
2025-02-28,9.97,10.26,9.86,10.25,21464779
2025-03-03,10.32,10.38,9.76,9.77,22076090
2025-03-04,9.6,9.855,9.24,9.6,27931820
2025-03-05,9.62,9.84,9.51,9.79,17542240
2025-03-06,9.625,9.93,9.52,9.6,22203689
2025-03-07,9.52,9.84,9.36,9.72,22471779
2025-03-10,9.49,9.5875,9.05,9.08,25559211
2025-03-11,9,9.185,8.8201,8.86,34704320
2025-03-12,9.04,9.14,8.775,8.89,34670340
2025-03-13,8.85,8.87,8.34,8.37,30348420
2025-03-14,8.58,8.68,8.455,8.64,26363230
2025-03-17,8.7,9.1,8.655,8.99,26734881
2025-03-18,8.91,9.07,8.66,8.73,25183070
2025-03-19,8.75,9.22,8.75,9.04,37970090
2025-03-20,9.02,9.59,8.99,9.23,59659152
2025-03-21,9.14,9.36,9.095,9.33,37538461
2025-03-24,9.55,9.67,9.39,9.54,21246289
2025-03-25,9.59,9.7,9.42,9.63,20013500
2025-03-26,9.66,9.68,9.26,9.41,22389680
2025-03-27,9.28,9.34,9.14,9.17,21307311
2025-03-28,9.13,9.21,8.81,8.89,20197789
2025-03-31,8.64,8.75,8.31,8.71,23438430
2025-04-01,8.74,9.11,8.6649,8.93,24639750
2025-04-02,8.63,9.11,8.6,8.88,34093859
2025-04-03,8.42,8.48,7.97,8.02,50832969
2025-04-04,7.74,8.29,7.6626,8.05,48737578
2025-04-07,7.79,8.49,7.46,7.73,54810699
2025-04-08,7.97,8.1,7.08,7.23,48519059
2025-04-09,7.17,8.91,7.105,8.82,68606609
2025-04-10,8.46,8.605,7.74,7.83,43912398
2025-04-11,7.8,8.1,7.6701,7.96,28420801
2025-04-14,8.18,8.24,7.765,7.91,26061400
2025-04-15,7.9,8.03,7.71,7.87,25136100
2025-04-16,7.75,7.88,7.585,7.74,34484200
2025-04-17,7.66,7.95,7.65,7.88,32083700
2025-04-21,7.76,7.87,7.5,7.61,27528900
2025-04-22,7.66,7.92,7.63,7.85,25279500
2025-04-23,8.1,8.25,7.83,7.98,35707100
2025-04-24,8.05,8.435,8.04,8.33,33721600
2025-04-25,8.45,8.675,8.4,8.54,32816100
2025-04-28,8.55,9.01,8.55,8.83,53515600
2025-04-29,8.83,9.23,8.82,9.09,105509900
2025-04-30,7.77,7.98,7.47,7.96,151470100
2025-05-01,8.01,8.135,7.8,7.83,75366800
2025-05-02,7.87,8.48,7.84,8.45,79162200
2025-05-05,8.37,8.68,8.36,8.55,43996700
2025-05-06,8.46,8.57,8.34,8.36,32096400
2025-05-07,8.4,8.41,7.92,8.13,34217100
2025-05-08,8.29,8.36,8.07,8.22,46129000
2025-05-09,8.36,8.63,8.22,8.25,28078500
2025-05-12,8.855,9.21,8.655,9.21,53703200
2025-05-13,9.2,9.26,9.033,9.1,33201600
2025-05-14,9.14,9.229,8.94,9.03,29981300
2025-05-15,8.95,9.015,8.545,8.58,30819800
2025-05-16,8.62,8.78,8.49,8.75,30985000
2025-05-19,8.445,8.81,8.425,8.68,26112400
2025-05-20,8.65,8.691,8.435,8.53,28383300
2025-05-21,8.48,8.58,8.23,8.28,26762100
2025-05-22,8.305,8.47,8.165,8.43,25250100
2025-05-23,8.24,8.34,8.2,8.23,18213100
2025-05-27,8.34,8.45,8.25,8.42,23550500
2025-05-28,8.43,8.5,8.322,8.34,20226700
2025-05-29,8.465,8.48,8.21,8.28,22364400
2025-05-30,8.23,8.25,8,8.25,27217500
2025-06-02,8.18,8.29,8.054,8.2,20530300
2025-06-03,8.22,8.435,8.06,8.37,26362700
2025-06-04,8.375,8.63,8.285,8.45,25357700
2025-06-05,8.48,8.54,8.08,8.2,34346700
2025-06-06,8.3,8.375,8.17,8.27,26368500
2025-06-09,8.35,8.665,8.32,8.5,34168800
2025-06-10,8.465,8.83,8.35,8.49,39438000
2025-06-11,8.565,8.95,8.52,8.57,31720400
2025-06-12,8.47,8.52,8.24,8.3,30086300
2025-06-13,8.135,8.23,7.9,7.94,37891900
2025-06-16,8.04,8.285,7.89,8.27,39534000
2025-06-17,8.14,8.33,8.115,8.18,20844400
2025-06-18,8.14,8.32,8.1,8.23,27628000
2025-06-20,8.28,8.34,8,8.01,27505300
2025-06-23,7.96,8.09,7.75,7.91,35802200
2025-06-24,8.07,8.34,8.05,8.32,44830100
2025-06-25,8.38,8.42,8,8.03,45962200
2025-06-26,8.11,8.19,8.01,8.14,29046300
2025-06-27,8.3,8.95,8.23,8.72,63313600
2025-06-30,8.85,8.86,8.59,8.69,32390200
2025-07-01,9,9.53,8.91,9.35,74078500
2025-07-02,9.37,9.62,9.32,9.38,48022900
2025-07-03,9.41,9.46,9.19,9.27,21788700
2025-07-07,9.155,9.33,9.1,9.19,23871500
2025-07-08,9.3,9.35,9.154,9.32,24566500
2025-07-09,9.28,9.38,9.015,9.12,42212500
2025-07-10,9.16,9.4,9.03,9.34,39426800
2025-07-11,9.285,9.41,9.063,9.11,24968600
2025-07-14,9.08,9.57,9.055,9.54,36750500
2025-07-15,9.685,9.84,9.47,9.48,42268400
2025-07-16,9.55,9.67,9.22,9.66,45509900
2025-07-17,9.66,10.1,9.625,9.91,46404700
2025-07-18,9.92,10.07,9.85,10.01,28026600
2025-07-21,10.17,10.3,9.84,9.88,36633700
2025-07-22,9.96,10.41,9.89,10.35,38765900
2025-07-23,10.37,10.37,10.01,10.07,28357200
2025-07-24,10.065,10.08,9.69,9.74,38228200
2025-07-25,9.77,9.81,9.56,9.77,30500000
2025-07-28,9.875,9.9,9.56,9.69,51322200
2025-07-29,9.685,9.7,9.31,9.33,37391900
2025-07-30,9.35,9.43,9.2,9.32,32154300
2025-07-31,9.48,9.77,9.39,9.43,57157700
2025-08-01,9.15,9.2,8.88,9.05,37654500
2025-08-04,9.135,9.54,9.13,9.47,42411600
2025-08-05,9.49,9.545,9.22,9.39,73950200
2025-08-06,7.5,7.85,7.27,7.78,185515300
2025-08-07,7.81,7.94,7.45,7.54,82788300
2025-08-08,7.41,7.56,7.39,7.41,49915000
2025-08-11,7.44,7.47,7.16,7.19,51644600
2025-08-12,7.28,7.29,7.12,7.27,36548100
2025-08-13,7.275,7.35,7.2,7.32,53643300
2025-08-14,7.23,7.28,7.06,7.08,58598100
2025-08-15,7.12,7.3,7.1,7.15,46882400
2025-08-18,7.14,7.37,7.09,7.34,42926400
2025-08-19,7.39,7.41,7.14,7.18,45204100
2025-08-20,7.13,7.21,6.99,7.16,54540800
2025-08-21,7.1,7.12,7.03,7.05,43238400
2025-08-22,7.04,7.33,7.04,7.2,62429500
2025-08-25,7.15,7.19,6.99,7,58008900
2025-08-26,7.03,7.1,6.98,7.02,51012500
2025-08-27,7.01,7.07,6.99,6.99,32303300
2025-08-28,7.07,7.14,7.01,7.1,56691300
2025-08-29,7.12,7.33,7.09,7.14,78002400
2025-09-02,7.01,7.34,6.9,7.33,103226300
2025-09-03,7.42,7.635,7.2,7.25,91554600
2025-09-04,7.23,7.25,7.08,7.09,69922300
2025-09-05,7.2,7.33,7.08,7.31,102087200
2025-09-08,7.29,7.305,7.11,7.22,90378148
2025-09-09,7.19,7.33,7.13,7.28,91546555
2025-09-10,7.24,7.24,7.035,7.05,87807000
2025-09-11,7.08,7.4,7.07,7.29,107121100
2025-09-12,7.27,7.34,7.17,7.34,87512600
2025-09-15,7.27,7.64,7.27,7.46,141471300
2025-09-16,7.46,7.77,7.42,7.74,158453400
2025-09-17,7.79,8.25,7.725,7.99,155373200
2025-09-18,8.1,8.52,8.1,8.44,202130200
2025-09-19,8.47,8.48,8.03,8.16,194706900
2025-09-22,8.98,9.28,8.45,8.53,219706600
2025-09-23,8.59,8.86,8.32,8.42,148525500
2025-09-24,8.48,8.51,8.12,8.22,143609500
2025-09-25,8.26,8.35,8.05,8.33,247117100
2025-09-26,8.33,8.33,8.15,8.27,157895500
2025-09-29,8.32,8.74,8.275,8.4,187315600
2025-09-30,8.37,8.45,7.6,7.71,266823800
2025-10-01,7.54,7.86,7.52,7.71,184182100
2025-10-02,7.83,8.22,7.7,8.22,120857100
2025-10-03,8.22,8.71,8.22,8.54,174272600
2025-10-06,8.555,8.88,8.22,8.52,132566800
2025-10-07,8.565,8.57,8.11,8.13,104920600
2025-10-08,8.16,8.44,8.08,8.43,134815300
2025-10-09,8.415,8.515,8.22,8.38,101730500
2025-10-10,8.415,8.555,7.77,7.78,79016500
2025-10-13,8.03,8.09,7.93,8.05,44335900
2025-10-14,7.86,8.085,7.77,7.92,41364800
2025-10-15,8.005,8.1,7.76,7.91,39873800
2025-10-16,7.91,8.03,7.63,7.76,50038600
2025-10-17,7.63,7.79,7.63,7.65,37668400
2025-10-20,7.73,7.8,7.65,7.73,28562900
2025-10-21,7.73,7.94,7.66,7.85,32736900
2025-10-22,7.82,7.93,7.65,7.77,41557800
2025-10-23,7.75,7.96,7.71,7.87,26096300
2025-10-24,7.8,8.03,7.8,7.95,47645600
2025-10-27,8.07,8.07,7.89,7.91,35190500
2025-10-28,7.85,7.879,7.73,7.74,40433900
2025-10-29,7.74,7.91,7.681,7.74,35991900
2025-10-30,7.61,7.88,7.48,7.6,45899200
2025-10-31,7.68,7.82,7.63,7.8,45281800
2025-11-03,7.78,7.925,7.64,7.82,41430100
2025-11-04,7.62,7.67,7.45,7.47,45229200
2025-11-05,7.37,7.485,7.22,7.3,130490400
2025-11-06,8.58,8.63,7.87,8.01,162069700
2025-11-07,7.905,8.24,7.905,8.21,70167800
2025-11-10,8.32,8.755,8.23,8.69,81255400
2025-11-11,8.68,8.89,8.595,8.76,51421600
2025-11-12,8.86,9.13,8.76,9.09,50938900
2025-11-13,8.94,9.05,8.55,8.58,64029000
2025-11-14,8.35,8.655,8.31,8.57,56732200
2025-11-17,8.57,8.62,8.05,8.18,50923000
2025-11-18,8.18,8.405,8.1,8.25,57663600
2025-11-19,8.21,8.27,8.02,8.03,37344300
2025-11-20,8.225,8.3,7.76,7.78,48476300
2025-11-21,7.94,7.94,7.56,7.69,41191100
2025-11-24,7.73,7.8,7.62,7.68,36937400
2025-11-25,7.69,7.76,7.59,7.64,31509800
2025-11-26,7.67,7.74,7.59,7.61,29850400
2025-11-28,7.65,7.69,7.565,7.68,40363700
2025-12-01,7.58,7.7,7.49,7.64,46357000
2025-12-02,7.665,7.68,7.53,7.62,28274000
2025-12-03,7.62,7.7,7.55,7.66,25600600
2025-12-04,7.765,7.83,7.64,7.76,31167900
2025-12-05,7.75,8,7.7,7.91,33603100
2025-12-08,7.94,8.04,7.822,8.03,33689672
2025-12-09,7.97,7.99,7.85,7.92,22753420
2025-12-10,7.83,7.946,7.65,7.92,34068100
2025-12-11,7.8,7.89,7.62,7.64,28110200
2025-12-12,7.66,7.68,7.3,7.31,38344900
2025-12-15,7.34,7.44,7.19,7.26,42391070
2025-12-16,7.25,7.4,7.115,7.37,49031520
2025-12-17,7.28,7.75,7.28,7.5,61974600
2025-12-18,7.61,7.81,7.53,7.63,42644600
2025-12-19,7.595,7.61,7.435,7.57,42543300
2025-12-22,7.6,7.96,7.6,7.94,36700200
2025-12-23,7.84,7.86,7.735,7.81,22526300
2025-12-24,7.8,7.89,7.74,7.85,10508100
2025-12-26,7.85,7.91,7.81,7.86,12360000
2025-12-29,7.76,7.947,7.734,7.88,23767300
2025-12-30,7.88,8.1,7.835,8.07,28027400
2025-12-31,8.05,8.2,8.01,8.07,23424800
2026-01-02,8.23,8.24,7.95,8.13,32657122
